<?xml version="1.0" encoding="UTF-8"?>
<!DOCTYPE mapper PUBLIC "-//mybatis.org//DTD Mapper 3.0//EN" "http://mybatis.org/dtd/mybatis-3-mapper.dtd">

<mapper namespace="edu.kosta.model.dto.ur.item.ItemDAO">
	<select id="getItemMainList" resultType="edu.kosta.model.dto.ur.item.ItemDTO"
		parameterType="hashmap">
		SELECT ITEM_NUM,ITEM_NAME,SELL_PRICE,PIC_URL,DESCRIPTION FROM ITEM ORDER BY
		ITEM_NUM DESC
	</select>
	<select id="getItemMainCount" resultType="Integer">
		SELECT COUNT(*) FROM ITEM
	</select>

	<select id="getItemBoyList" resultType="edu.kosta.model.dto.ur.item.ItemDTO"
		parameterType="hashmap">
		SELECT ITEM_NUM,ITEM_NAME,SELL_PRICE,PIC_URL,DESCRIPTION FROM ITEM WHERE
		ITEM_GENDER='boy' ORDER BY ITEM_NUM DESC
	</select>
	<select id="getItemBoyCount" resultType="Integer">
		SELECT COUNT(*) FROM ITEM WHERE ITEM_GENDER='boy'
	</select>

	<select id="getItemGirlList" resultType="edu.kosta.model.dto.ur.item.ItemDTO"
		parameterType="hashmap">
		SELECT ITEM_NUM,ITEM_NAME,SELL_PRICE,PIC_URL,DESCRIPTION FROM ITEM WHERE
		ITEM_GENDER='girl' ORDER BY ITEM_NUM DESC
	</select>
	<select id="getItemGirlCount" resultType="Integer">
		SELECT COUNT(*) FROM ITEM WHERE ITEM_GENDER='girl'
	</select>

	<select id="getUrmomList" resultType="edu.kosta.model.dto.ur.item.ItemDTO"
		parameterType="hashmap">
		SELECT ITEM_NUM,ITEM_NAME,SELL_PRICE,PIC_URL,DESCRIPTION FROM ITEM
		<if test="it.equals('out')"> WHERE (ITEM_TYPE='out') </if>
		<if test="it.equals('top')"> WHERE (ITEM_TYPE='top') </if>
		<if test="it.equals('bot')"> WHERE (ITEM_TYPE='bot') </if>
		<if test="it.equals('dre')"> WHERE (ITEM_TYPE='dre') </if>
		ORDER BY ITEM_NUM DESC
	</select>
	<select id="getUrmomCount" resultType="Integer">
		SELECT COUNT(*) FROM ITEM
		<if test="it.equals('out')"> WHERE (ITEM_TYPE='out') </if>
		<if test="it.equals('top')"> WHERE (ITEM_TYPE='top') </if>
		<if test="it.equals('bot')"> WHERE (ITEM_TYPE='bot') </if>
		<if test="it.equals('dre')"> WHERE (ITEM_TYPE='dre') </if>
	</select>

	<select id="getItemTopDetailList" resultType="edu.kosta.model.dto.ur.item.ItemDTO"
		parameterType="hashmap">
		SELECT ITEM_NUM,ITEM_NAME,SELL_PRICE,PIC_URL,DESCRIPTION FROM ITEM
		WHERE (ITEM_TYPE='top'
		<if test="itd.equals('tee')"> AND ITEM_TYPE_DETAIL='tee') </if>
		<if test="itd.equals('blou')"> AND ITEM_TYPE_DETAIL='blou') </if>
		<if test="itd.equals('knit')"> AND ITEM_TYPE_DETAIL='knit') </if>
		ORDER BY ITEM_NUM DESC
	</select>
	<select id="getItemTopDetailCount" resultType="Integer">
		SELECT COUNT(*) FROM ITEM
		WHERE (ITEM_TYPE='top'
		<if test="itd.equals('tee')"> AND ITEM_TYPE_DETAIL='tee') </if>
		<if test="itd.equals('blou')"> AND ITEM_TYPE_DETAIL='blou') </if>
		<if test="itd.equals('knit')"> AND ITEM_TYPE_DETAIL='knit') </if>
	</select>

	<select id="getItemBotDetailList" resultType="edu.kosta.model.dto.ur.item.ItemDTO"
		parameterType="hashmap">
		SELECT ITEM_NUM,ITEM_NAME,SELL_PRICE,PIC_URL,DESCRIPTION FROM ITEM
		WHERE (ITEM_TYPE='bot'
		<if test="itd.equals('pant')"> AND ITEM_TYPE_DETAIL='pant') </if>
		<if test="itd.equals('skir')"> AND ITEM_TYPE_DETAIL='skir') </if>
		ORDER BY ITEM_NUM DESC
	</select>
	<select id="getItemBotDetailCount" resultType="Integer">
		SELECT COUNT(*) FROM ITEM
		WHERE (ITEM_TYPE='bot'
		<if test="itd.equals('pant')"> AND ITEM_TYPE_DETAIL='pant') </if>
		<if test="itd.equals('skir')"> AND ITEM_TYPE_DETAIL='skir') </if>
	</select>

	<select id="getBoyList" resultType="edu.kosta.model.dto.ur.item.ItemDTO"
		parameterType="hashmap">
		SELECT ITEM_NUM,ITEM_NAME,SELL_PRICE,PIC_URL,DESCRIPTION FROM ITEM
		<if test="it.equals('out')"> WHERE (ITEM_TYPE='out') </if>
		<if test="it.equals('top')"> WHERE (ITEM_TYPE='top') </if>
		<if test="it.equals('bot')"> WHERE (ITEM_TYPE='bot') </if>
		<if test="it.equals('dre')"> WHERE (ITEM_TYPE='dre') </if>
		AND ITEM_GENDER='boy'
		ORDER BY ITEM_NUM DESC
	</select>
	<select id="getBoyCount" resultType="Integer">
		SELECT COUNT(*) FROM ITEM
		<if test="it.equals('out')"> WHERE (ITEM_TYPE='out') </if>
		<if test="it.equals('top')"> WHERE (ITEM_TYPE='top') </if>
		<if test="it.equals('bot')"> WHERE (ITEM_TYPE='bot') </if>
		<if test="it.equals('dre')"> WHERE (ITEM_TYPE='dre') </if>
		AND ITEM_GENDER='boy'
	</select>

	<select id="getItemBoyTopDetailList" resultType="edu.kosta.model.dto.ur.item.ItemDTO"
		parameterType="hashmap">
		SELECT ITEM_NUM,ITEM_NAME,SELL_PRICE,PIC_URL,DESCRIPTION FROM ITEM
		WHERE (ITEM_TYPE='top'
		<if test="itd.equals('tee')"> AND ITEM_TYPE_DETAIL='tee') </if>
		<if test="itd.equals('blou')"> AND ITEM_TYPE_DETAIL='blou') </if>
		<if test="itd.equals('knit')"> AND ITEM_TYPE_DETAIL='knit') </if>
		AND ITEM_GENDER='boy'
		ORDER BY ITEM_NUM DESC
	</select>
	<select id="getItemBoyTopDetailCount" resultType="Integer">
		SELECT COUNT(*) FROM ITEM
		WHERE (ITEM_TYPE='top'
		<if test="itd.equals('tee')"> AND ITEM_TYPE_DETAIL='tee') </if>
		<if test="itd.equals('blou')"> AND ITEM_TYPE_DETAIL='blou') </if>
		<if test="itd.equals('knit')"> AND ITEM_TYPE_DETAIL='knit') </if>
		AND ITEM_GENDER='boy'
	</select>

	<select id="getGirlList" resultType="edu.kosta.model.dto.ur.item.ItemDTO"
		parameterType="hashmap">
		SELECT ITEM_NUM,ITEM_NAME,SELL_PRICE,PIC_URL,DESCRIPTION FROM ITEM
		<if test="it.equals('out')"> WHERE (ITEM_TYPE='out') </if>
		<if test="it.equals('top')"> WHERE (ITEM_TYPE='top') </if>
		<if test="it.equals('bot')"> WHERE (ITEM_TYPE='bot') </if>
		<if test="it.equals('dre')"> WHERE (ITEM_TYPE='dre') </if>
		AND ITEM_GENDER='girl'
		ORDER BY ITEM_NUM DESC
	</select>
	<select id="getGirlCount" resultType="Integer">
		SELECT COUNT(*) FROM ITEM
		<if test="it.equals('out')"> WHERE (ITEM_TYPE='out') </if>
		<if test="it.equals('top')"> WHERE (ITEM_TYPE='top') </if>
		<if test="it.equals('bot')"> WHERE (ITEM_TYPE='bot') </if>
		<if test="it.equals('dre')"> WHERE (ITEM_TYPE='dre') </if>
		AND ITEM_GENDER='girl'
	</select>

	<select id="getItemGirlTopDetailList" resultType="edu.kosta.model.dto.ur.item.ItemDTO"
		parameterType="hashmap">
		SELECT ITEM_NUM,ITEM_NAME,SELL_PRICE,PIC_URL,DESCRIPTION FROM ITEM
		WHERE (ITEM_TYPE='top'
		<if test="itd.equals('tee')"> AND ITEM_TYPE_DETAIL='tee') </if>
		<if test="itd.equals('blou')"> AND ITEM_TYPE_DETAIL='blou') </if>
		<if test="itd.equals('knit')"> AND ITEM_TYPE_DETAIL='knit') </if>
		AND ITEM_GENDER='girl'
		ORDER BY ITEM_NUM DESC
	</select>
	<select id="getItemGirlTopDetailCount" resultType="Integer">
		SELECT COUNT(*) FROM ITEM
		WHERE (ITEM_TYPE='top'
		<if test="itd.equals('tee')"> AND ITEM_TYPE_DETAIL='tee') </if>
		<if test="itd.equals('blou')"> AND ITEM_TYPE_DETAIL='blou') </if>
		<if test="itd.equals('knit')"> AND ITEM_TYPE_DETAIL='knit') </if>
		AND ITEM_GENDER='girl'
	</select>

	<select id="getItemGirlBotDetailList" resultType="edu.kosta.model.dto.ur.item.ItemDTO"
		parameterType="hashmap">
		SELECT ITEM_NUM,ITEM_NAME,SELL_PRICE,PIC_URL,DESCRIPTION FROM ITEM
		WHERE (ITEM_TYPE='bot'
		<if test="itd.equals('pant')"> AND ITEM_TYPE_DETAIL='pant') </if>
		<if test="itd.equals('skir')"> AND ITEM_TYPE_DETAIL='skir') </if>
		AND ITEM_GENDER='girl'
		ORDER BY ITEM_NUM DESC
	</select>
	<select id="getItemGirlBotDetailCount" resultType="Integer">
		SELECT COUNT(*) FROM ITEM
		WHERE (ITEM_TYPE='bot'
		<if test="itd.equals('pant')"> AND ITEM_TYPE_DETAIL='pant') </if>
		<if test="itd.equals('skir')"> AND ITEM_TYPE_DETAIL='skir') </if>
		AND ITEM_GENDER='girl'
	</select>

	<select id="getItemDetail" resultType="edu.kosta.model.dto.ur.item.ItemDTO"
		parameterType="hashmap">
		SELECT * FROM ITEM WHERE ITEM_NUM=#{item_num}
	</select>
	<select id="getItemStockLeft" resultType="edu.kosta.model.dto.ur.stock.StockDTO">
		SELECT DISTINCT s.ITEM_SIZE, s.ITEM_AMOUNT
		FROM (SELECT ITEM_SIZE, MAX(UPDATE_TIME) AS UPDATE_TIME
		FROM STOCKINFO
		WHERE ITEM_NUM=#{item_num}
		GROUP BY ITEM_SIZE) a
		INNER JOIN STOCKINFO s
		ON s.ITEM_SIZE=a.ITEM_SIZE AND s.UPDATE_TIME=a.UPDATE_TIME
		WHERE ITEM_NUM=#{item_num}
		ORDER BY DECODE(ITEM_SIZE,'xs',1,'s',2,'m',3,'l',4,'xl',5)
	</select>

	<select id="itemValid" parameterType="edu.kosta.model.dto.ur.item.ItemDTO"
		resultType="Integer">
		SELECT COUNT(*) FROM ITEM WHERE ITEM_NUM=#{item_num}
	</select>

	<insert id="itemInsert" parameterType="edu.kosta.model.dto.ur.item.ItemDTO">
		INSERT INTO ITEM
		VALUES
		(#{item_num},#{item_name},#{item_gender},#{item_type},#{item_type_detail},#{unit_price},#{sell_price},#{pic_url},#{description},#{contents})
	</insert>

	<update id="itemUpdate" parameterType="edu.kosta.model.dto.ur.item.ItemDTO">
		UPDATE ITEM SET PIC_URL=#{pic_url},CONTENTS=#{contents}
		WHERE ITEM_NUM=#{item_num}
	</update>

	<delete id="itemDelete" parameterType="edu.kosta.model.dto.ur.item.ItemDTO">
		DELETE FROM ITEM WHERE ITEM_NUM=#{item_num}
	</delete>

	<select id="findByItemNum" resultType="edu.kosta.model.dto.ur.item.ItemDTO">
		SELECT * FROM ITEM WHERE ITEM_NUM=#{item_num}
	</select>
</mapper>