<?xml version="1.0" encoding="UTF-8"?>
<!DOCTYPE mapper
   PUBLIC "-//mybatis.org//DTD Mapper 3.0//EN"
   "http://mybatis.org/dtd/mybatis-3-mapper.dtd">
<!-- myBatis -->

<mapper namespace="com.kosta.project.dao.ICancelStatusPageDao">
   <select id="check_out_all" resultType="com.kosta.project.dto.CheckOutDTO">
      select * from check_out where c_status=3
   </select>

   <select id="delivery_all" resultType="com.kosta.project.dto.DeliveryToCustomerDTO">
      select * from delivery_to_customer where d_status=1
   </select>

   <select id="search" resultType="com.kosta.project.dto.DeliveryToCustomerDTO"
      parameterType="java.util.HashMap">
      select B.*, ROWSEQ from(select A.*,ROWNUM as ROWSEQ from(select * from
      delivery_to_customer
      <where>
         <if test="search == purchase_id">
            id like #{searchby}
         </if>
         <if test="search =='orderNumber'">
            d_orderNum like #{searchby}
         </if>
         <if test="dataFrom!='' and dataTo==''">
            and reg_date &gt; #{dataFrom}
         </if>
         <if test="dataFrom=='' and dataTo!=''">
            and reg_date &lt; #{dataTo}
         </if>
         <if test="dataFrom!='' and dataTo!=''">
            and reg_date &gt; #{dataFrom} and reg_date &lt; #{dataTo}
         </if>
      </where>
      order by reg_date desc)A)B where ROWSEQ>=#{start} and ROWSEQ
      &lt;=#{end} and d_status = 4
   </select>

   <select id="searchcount" resultType="java.lang.Integer"
      parameterType="java.util.HashMap">
      select count(*) from delivery_to_customer
      <where>
         <if test="search =='purchase_id'">
            id like #{searchby}
         </if>
         <if test="search =='orderNumber'">
            d_orderNum like #{searchby}
         </if>
         <if test="search =='all'">
            d_orderNum like #{searchby}
         </if>
         <if test="dataFrom!='' and dataTo==''">
            and reg_date &gt; #{dataFrom}
         </if>
         <if test="dataFrom=='' and dataTo!=''">
            and reg_date &lt; #{dataTo}
         </if>
         <if test="dataFrom!='' and dataTo!=''">
            and reg_date &gt; #{dataFrom} and reg_date &lt; #{dataTo}
         </if>
      </where>
   </select>

   <delete id="chkout_cancel">
      delete check_out where c_orderNum=#{c_orderNum}
   </delete>
   <delete id="delivery_cancel">
      delete delivery_to_customer where d_orderNum=#{d_orderNum}
   </delete>

   <select id="cancelordercount" resultType="java.lang.Integer">
      select count(*) from delivery_to_customer where d_status=4
   </select>

   <select id="check_out_by" resultType="com.kosta.project.dto.CheckOutDTO">
      select * from check_out where c_orderNum=#{orderNum}
   </select>
   <select id="delivery_by" resultType="com.kosta.project.dto.DeliveryToCustomerDTO">
      select * from delivery_to_customer where d_orderNum=#{orderNum}
   </select>
</mapper>