<?xml version="1.0" encoding="UTF-8"?>
<!DOCTYPE mapper
   PUBLIC "-//mybatis.org//DTD Mapper 3.0//EN"
   "http://mybatis.org/dtd/mybatis-3-mapper.dtd">

<!-- myBatis -->
<mapper namespace="com.kosta.project.dao.IDetailDao">
	<!-- 목록보기 -->
	<select id="rtpList" resultType="com.kosta.project.dto.RTPdto">
		select * from recipe_theme_Products where p_no = #{_p_no}
	</select>
	<select id="isRecipeTheme" resultType="String">
		select p_no from recipe_theme_Products where p_no = #{_c_no}
	</select>
	<select id="isCart" resultType="String">
		select f_no from cart where f_no = #{_c_no} and id = #{_id}
	</select>
	<select id="productIdFromCart" resultType="String">
		select product_id from cart_ingredients where f_no = #{_c_no} and id = #{_id}
	</select>
	<select id="ingredientsList" resultType="com.kosta.project.dto.StockManageJoinRecipeDTO">
		select r.product_id, r.p_no, r.dose, r.unit, s.product_category, s.product_name, s.product_price, s.product_totalcount, s.product_unit, s.product_from, s.product_regdate, s.product_status, s.farm_id, s.farm_name, trunc((s.product_price)*r.dose) as priceIngredients
		from recipe_table r join (select * from stockManage s join farmname f on s.product_from=f.farm_id) s 
		on r.product_id = s.product_id 
		where r.p_no = #{_p_no}
		union all
		select r.product_id, r.p_no, r.dose, r.unit, s.product_category, s.product_name, s.product_price, s.product_totalcount, s.product_unit, s.product_from, s.product_regdate, s.product_status, 'admin' farm_id, '마트' farm_name, trunc((s.product_price)*r.dose) as priceIngredients from recipe_table r join stockManage s on r.product_id=s.product_id where r.p_no = #{_p_no} and s.product_status=2
	</select>
	<select id="minPriceByingredient" resultType="com.kosta.project.dto.MinPriceDTO">
		select s.product_name, trunc(min((s.product_price)*r.dose)) product_price from recipe_table r join stockManage s on r.product_id = s.product_id where r.p_no = #{_p_no} group by s.product_name
	</select>
	<select id="farmList" resultType="com.kosta.project.dto.FarmProductDto">
		select * from farm_Products where s_no = #{_s_no}
	</select>
	<select id="farmStock" resultType="Integer">
		select (s.product_totalcount/f.s_dose) from farm_Products f join stockManage s on s.product_id = f.s_no where s.product_id = #{_s_no}
	</select> 
	<select id="availableCount" resultType="Integer">
		select (s.product_totalcount/f.s_dose) from farm_Products f join stockManage s on s.product_id = f.s_no where s.product_id = #{_s_no}
	</select>
	<select id="findProduct_Name" resultType="String">
		select distinct s.product_name from recipe_table r join stockManage s on r.product_id = s.product_id where r.p_no = #{_p_no}
	</select>

	<select id="reviewList" resultType="com.kosta.project.dto.RecipeReviewDTO">
		select * from recipe_review where r_no = #{_r_no}
	</select>
	<select id="reviewList2" resultType="com.kosta.project.dto.FarmReviewDTO">
		select * from farm_review where fr_no = #{_fr_no}
	</select>
	
	<select id="searchOnePage" resultType="com.kosta.project.dto.RecipeReviewDTO">
		select B.*, rowseq from (
		select A.*, rownum as rowseq from(
		select * from recipe_review where r_no = #{_r_no}
		order by reg_date desc
		)A )B where rowseq between #{_startRow} and #{_endRow}
	</select>
	
	<select id="selectSubtractQuantity" resultType="com.kosta.project.dto.SubtractStockDTO">
		select distinct p.product_id, (r.dose*#{_count}) as quantity from pay_ingredients p 
		join recipe_table r on p.product_id = r.product_id and p.p_no = r.p_no 
		join delivery_to_customer d on d.d_ordernum = p.d_ordernum 
		where p.p_no = #{_c_no} and p.d_ordernum = (select max(d_ordernum) from delivery_to_customer)
	</select>
	
	<select id="cartF_no" resultType="String">
		select f_no from cart 
	</select>

	<insert id="insertReview" parameterType="com.kosta.project.dto.RecipeReviewDTO">
		insert into recipe_review(r_no, id, score, r_review, r_title) values
		(#{r_no}, #{id}, #{score}, #{r_review}, #{r_title})
	</insert>
	<insert id="insertReview2" parameterType="com.kosta.project.dto.FarmReviewDTO">
		insert into farm_review(fr_no, id, score, fr_review, fr_title) values
		(#{fr_no}, #{id}, #{score}, #{fr_review}, #{fr_title})
	</insert>

	<insert id="insertCheckOut">
		insert into check_out(c_no, c_name, id, c_price, count, name, c_address,
		c_zip_code, c_phone, c_orderNum)
		values(#{c_no}, #{c_name}, #{id}, #{c_price}, #{count}, #{name}, #{c_address},
		#{c_zip_code}, #{c_phone}, (select max(d_orderNum) from
		delivery_to_customer))
	</insert>
	<insert id="insertDelivery">
		insert into delivery_to_customer(d_orderNum, d_shipping_fee, d_total_price,
		id)
		values(orderNum_seq.nextVal, #{_shipping_fee}, #{_subtotal}, #{_id})
	</insert>
	<insert id="insertPayIngredients" parameterType="com.kosta.project.dto.PayIngredientsDTO">
		insert into pay_ingredients(id, p_no, product_id, d_orderNum) values 
		(#{id}, #{p_no}, #{product_id}, (select max(d_orderNum) from delivery_to_customer))
	</insert>
	<delete id="deleteCheckOut">
		delete from check_out where c_no = #{_c_no} and id = #{_id}
	</delete>
	<delete id="deleteCart">
		delete from cart where f_no = #{_c_no} and id = #{_id}
	</delete>
	<delete id="deleteCartIngredients">
		delete from cart_ingredients where f_no = #{_c_no} and id = #{_id}
	</delete> 
	<delete id="deleteStockZero">
		delete from stockManage where product_id = (select product_id from stockManage where product_totalCount &lt;= 0)
	</delete>
	<update id="subtractStock">
		update stockManage set product_totalcount = product_totalcount - #{_quantity} where product_id = #{_product_id}
	</update>
	<update id="subtractfarmStock">
		update stockManage set product_totalcount = product_totalcount - (#{_quantity} * (select s_dose from farm_Products where s_no = #{_c_no})) where product_id = #{_c_no}
	</update>
</mapper>