<?xml version="1.0" encoding="UTF-8"?>
<!DOCTYPE mapper
		PUBLIC "-//mybatis.org//DTD Mapper 3.0//EN"
			"http://mybatis.org/dtd/mybatis-3-mapper.dtd">

<mapper namespace="com.kosta.project.dao.IEmployeeDAO">
	<select id="getEmployee" resultType="com.kosta.project.dto.EmployeeDTO">	
	<![CDATA[
		select e.e_num,e_name,ep.ep_num, e_phone, e_account,e_hiredate, ep.ep_name, s.s_salary ,ep.ep_responsibility
		 from employee e, employee_position ep, (select e_num, s_date, s_salary from salary s1
		where s1.s_date = (select max(s2.s_date) from salary s2 where s2.e_num = s1.e_num) 
		 group by s1.e_num, s_date, s_salary) s 
		where e.ep_num = ep.ep_num  and s.e_num = e.e_num  order by e.e_num desc
	]]>
	</select>
	<select id="getEmployeeSearchE_name" resultType="com.kosta.project.dto.EmployeeDTO">	
	<![CDATA[
		select  e.e_num,e_name,ep.ep_num,e_phone,e_account, e.e_hiredate, ep.ep_name, s.s_salary, ep.ep_responsibility
		from employee e, employee_position ep  ,(select e_num, s_date, s_salary from salary s1
		where s1.s_date = (select max(s2.s_date) from salary s2 where s2.e_num = s1.e_num) 
		 group by s1.e_num, s_date, s_salary) s 
		where e.ep_num = ep.ep_num  and s.e_num = e.e_num  and  e.e_name = #{e_name} order by e_num desc
	]]>
	</select>
	<select id="getEmployeeSearchE_num" resultType="com.kosta.project.dto.EmployeeDTO">	
	<![CDATA[
		select  e.e_num,e_name,ep.ep_num,e_phone,e_account, e.e_hiredate, ep.ep_name, s.s_salary, ep.ep_responsibility 
		from employee e, employee_position ep  ,(select e_num, s_date, s_salary from salary s1
		where s1.s_date = (select max(s2.s_date) from salary s2 where s2.e_num = s1.e_num) 
		 group by s1.e_num, s_date, s_salary) s 
		where e.ep_num = ep.ep_num  and s.e_num = e.e_num   and e.e_num = #{e_num} order by e_num desc
	]]>
	</select>
	<select id="getEmployeeSearchEP_name" resultType="com.kosta.project.dto.EmployeeDTO">	
	<![CDATA[
		select  e.e_num,e_name,ep.ep_num,e_phone,e_account, e.e_hiredate, ep.ep_name, s.s_salary ,ep.ep_responsibility
		from employee e, employee_position ep  ,(select e_num, s_date, s_salary from salary s1
		where s1.s_date = (select max(s2.s_date) from salary s2 where s2.e_num = s1.e_num) 
		 group by s1.e_num, s_date, s_salary) s 
		where e.ep_num = ep.ep_num  and s.e_num = e.e_num   and ep.ep_name = #{ep_name} order by e.e_num desc
	]]>
	</select>
	<select id="getSalaryCntOfSameDateAndSameE_num" resultType="Integer">	
	<![CDATA[
			select count(*) from salary s
			where  s.e_num =#{e_num} and substr(to_char(sysdate,'yyyy/mm'),1,7) = substr(s_date,1,7)
	]]>
	</select>	
	<select id="getEmployeePosition" resultType="com.kosta.project.dto.EmployeePositionDTO">	
	<![CDATA[
		select * from employee_Position order by ep_num
	]]>
	</select>	
	<select id="getEmployeePositionSearchEp_num" parameterType="Integer" resultType="com.kosta.project.dto.EmployeePositionDTO">	
	<![CDATA[
		select * from employee_Position where ep_num = #{ep_num} order by ep_num
	]]>
	</select>	
	<select id="getMaxE_num" parameterType="Integer" resultType="Integer">	
	<![CDATA[
		select max(e_Num) from employee
	]]>
	</select>	
	<select id="getSearchEp_numFromEmployee" parameterType="Integer" resultType="Integer">	
	<![CDATA[
		select count(*) from employee_position ep, employee e where ep.ep_num = e.ep_num and e.ep_num = #{ep_num}
	]]>
	</select>	
	<select id="getSearchEp_salaryFromEp_num" parameterType="Integer" resultType="Integer">	
	<![CDATA[
		select ep_salary from employee_position where ep_num = #{ep_num}
	]]>
	</select>	
	
	<insert id="insertEmployee">	
		insert into employee(e_num,e_name,ep_num,e_phone,e_account,e_hiredate) values(employee_seq.nextval, #{e_name}, #{ep_num}, #{e_phone}, #{e_account}, #{e_hiredate} )
	</insert>
	<insert id="addEmployee_Position">	
		insert into employee_position(ep_num,ep_name,ep_salary,ep_responsibility) values(employee_position_seq.nextval, #{ep_name}, #{ep_salary},#{ep_responsibility} )
	</insert>
	<insert id="insertSalaryOfE_num">	
		insert into salary 
		values(salary_seq.nextval, #{e_num},  #{s_salary},substr(to_char(sysdate,'yyyy/mm'),1,7), (select e.e_name from  employee e  where  e.e_num = #{e_num}))
	</insert>
	
	<delete id="removeEmployee">
		delete employee where e_num = #{e_num}
	</delete>
	<delete id="deleteEmployee_Position">
		delete employee_position where ep_num = #{ep_num}
	</delete>
	
	<update id="updateEmployee">
		update employee set  e_name=#{e_name} ,e_hiredate=#{e_hiredate}, e_account=#{e_account}
		 ,e_phone=#{e_phone}, ep_num=#{ep_num}
		 where e_num = #{e_num}     
	</update>
	<update id="updateSalaryOfE_num">
		update (
			select s.s_salary as s_salary  from employee e , salary s
			where e.e_num = s.e_num and e.e_num =#{e_num} and substr(to_char(sysdate,'yyyy/mm'),1,7) = substr(s_date,1,7)
		)
		set s_salary = #{s_salary}
	</update>
	<update id="modifyEmployee_Position">
		update employee_position set  ep_name=#{ep_name}, ep_salary=#{ep_salary} , ep_responsibility=#{ep_responsibility} 
		 where ep_num = #{ep_num}     
	</update>
	<update id="updateSalaryE_name">
		update salary set e_name = #{e_name} where e_num = #{e_num}
	</update>
	
	
	
	
</mapper>