<?xml version="1.0" encoding="UTF-8"?>
<!DOCTYPE mapper
   PUBLIC "-//mybatis.org//DTD Mapper 3.0//EN"
   "http://mybatis.org/dtd/mybatis-3-mapper.dtd">
<!-- myBatis -->
<mapper namespace="com.kosta.project.dao.IStockManageDAO">
<select id="CountAllStockList" resultType="Integer">
	select count(*) from stockManage
</select>
<select id="findProduct_id" resultType="com.kosta.project.dto.StockManageDTO">
	select product_id from stockManage where product_name=#{product_name}
</select>
<select id="findUnit" resultType="com.kosta.project.dto.StockManageDTO">
	select product_unit from stockManage where product_name=#{product_name}
</select>
<select id="getMeat" resultType="com.kosta.project.dto.StockManageDTO">
	select distinct product_name from stockManage where product_category='고기'
</select>
<select id="getVegetable" resultType="com.kosta.project.dto.StockManageDTO">
	select distinct product_name from stockManage where product_category='채소'
</select>
<select id="getMilk" resultType="com.kosta.project.dto.StockManageDTO">
	select distinct product_name from stockManage where product_category='유제품'
</select>
<select id="getSauce" resultType="com.kosta.project.dto.StockManageDTO">
	select * from stockManage where product_category='소스' 
</select>
<select id="getFish" resultType="com.kosta.project.dto.StockManageDTO">
	select distinct product_name from stockManage where product_category='해산물'
</select>
<select id="getFruit" resultType="com.kosta.project.dto.StockManageDTO">
	select distinct product_name from stockManage where product_category='과일' 
</select>
<select id="getEtc" resultType="com.kosta.project.dto.StockManageDTO">
	select distinct product_name from stockManage where product_category='기타'
</select>

<select id="onePage_selectStockList" resultType="com.kosta.project.dto.StockManageDTO">
   select B.* 
   from(select A.*, rownum as r 
   		from (select * 
   				from stockManage order by product_id)
   		A)
   	B where r between #{startRow} and #{endRow}
</select>
<select id="checkPid" resultType="Integer">
   select count(*) from stockManage where product_id=#{farm_Pid}
</select>
<select id="findFarmPrice" resultType="Integer">
   select farm_Pprice from farmInfo where farm_Pid=#{_farm_Pid}
</select>
<select id="checkMartPid" resultType="Integer">
	select count(*) from stockManage where product_from = #{_product_from} and product_name = #{_product_name} and product_category = #{_category}
</select>
<insert id="insertStock" parameterType="com.kosta.project.dto.StockManageDTO">
   insert into stockManage(product_from, product_id, product_name, product_totalCount, product_status, product_category, product_price, product_regdate, product_unit)
   values(#{product_from}, #{product_id}, #{product_name}, #{product_totalCount}, #{product_status}, #{product_category}, #{product_price}, sysdate, #{product_unit})
</insert>
<insert id="insertStockMart" parameterType="com.kosta.project.dto.StockManageDTO">
	 insert into stockManage(product_from, product_id, product_name, product_totalCount, product_status, product_category, product_price, product_regdate, product_unit)
   values(#{product_from}, farm_Pid.nextVal, #{product_name}, #{product_totalCount}, #{product_status}, #{product_category}, #{product_price}, sysdate, #{product_unit})
</insert>
<insert id="insertAdminMartOrder" parameterType="com.kosta.project.dto.AdminMartOrderDTO">
	insert into admin_mart_Order(mart_name, mart_Pid, mart_Pname, mart_orderCount, mart_orderPrice, mart_unit, mart_orderDate, admin_id)
	values(#{mart_name},(select max(product_id) from stockManage),#{mart_Pname},#{mart_orderCount},#{mart_orderPrice}, #{mart_unit}, sysdate, #{admin_id})
</insert>
<insert id="insertAdminMartOrder2" parameterType="com.kosta.project.dto.AdminMartOrderDTO">
	insert into admin_mart_Order(mart_name, mart_Pid, mart_Pname, mart_orderCount, mart_orderPrice, mart_unit, mart_orderDate, admin_id)
	values(#{mart_name},(select product_id from stockManage where product_from = #{mart_name} and product_name = #{mart_Pname} and product_category = #{mart_category}),#{mart_Pname},#{mart_orderCount},#{mart_orderPrice}, #{mart_unit}, sysdate, #{admin_id})
</insert>
<update id="updateStockPlus" parameterType="com.kosta.project.dto.StockManageDTO">
   update stockManage set product_totalCount = product_totalCount+#{product_totalCount}, product_regdate = sysdate where product_id=#{product_id}
</update>
<update id="updateStock" parameterType="com.kosta.project.dto.StockManageDTO">
	update stockManage set product_category = #{product_category}, product_totalCount = #{product_totalCount}, product_unit = #{product_unit}, product_name = #{product_name}, product_price = #{product_price}, product_regdate = sysdate where product_id = #{product_id}
</update>
<update id="updateStockMart">
	update stockManage set product_totalCount = product_totalCount+#{product_totalCount}, product_regdate = sysdate where product_id= (select product_id from stockManage where product_from = #{product_from} and product_name = #{product_name} and product_category = #{product_category})
</update>
<select id="selectRTPList" resultType="com.kosta.project.dto.RTPdto">
	select * from recipe_theme_Products order by p_no
</select>
<delete id="deleteAdminOrder" parameterType="java.lang.String">
	delete stockManage where product_id = #{product_id}
</delete>
<!-- <update id="modifyStock" parameterType="com.kosta.project.dto.StockManageDTO">
	update stockManage set product_name = #{product_name}, product_totalCount=#{product_totalCount} where product_id=#{product_id} 
</update> -->
<insert id="insertRTPprice" parameterType="com.kosta.project.dto.RTPorderDTO">
	insert into recipe_theme_order(seq_ordernum, rtp_no, rtp_count, rtp_totalPrice) 
	values(seq_ordernum.nextval, #{rtp_no}, #{rtp_count}, #{rtp_totalPrice})
</insert>
</mapper>