<?xml version="1.0" encoding="UTF-8"?>
<!DOCTYPE mapper PUBLIC "-//mybatis.org//DTD Mapper 3.0//EN" "http://mybatis.org/dtd/mybatis-3-mapper.dtd">

<mapper namespace="edu.kosta.model.dto.ur.trade.TradeReplyDAO">

	<select id="replylist" resultType="edu.kosta.model.dto.ur.trade.TradeReplyDTO">
		SELECT * FROM TRADE_COMMENT WHERE REPLY_NUM_FK=#{trade_num} ORDER BY
		TRADE_COM_NUM ASC
	</select>

	<insert id="insertreply" parameterType="hashmap">
		INSERT INTO
		TRADE_COMMENT(TRADE_COM_NUM,USER_ID,TRADE_COM_TITLE,TRADE_COM_CONTENT,TRADE_COM_DATE,REPLY_NUM_FK,TRADE_COM_PHONE,TRADE_COM_PIC)
		VALUES(TRADE_COMMENT_SEQ.NEXTVAL, #{user_id},
		#{trade_com_content},#{trade_com_content},SYSDATE,
		#{trade_num},#{trade_com_phone},#{trade_com_pic})
	</insert>

	<select id="updaterep" parameterType="Integer"
		resultType="edu.kosta.model.dto.ur.trade.TradeReplyDTO">
		SELECT * FROM TRADE_COMMENT WHERE
		TRADE_COM_NUM=#{trade_com_num}
	</select>

	<update id="updatereply" parameterType="hashmap">
		UPDATE TRADE_COMMENT SET
		TRADE_COM_CONTENT=#{trade_com_content},TRADE_COM_PHONE=#{trade_com_phone},TRADE_COM_PIC=#{trade_com_pic}
		WHERE TRADE_COM_NUM = #{trade_com_num}
	</update>

	<delete id="deletereply" parameterType="Integer">
		DELETE TRADE_COMMENT
		WHERE TRADE_COM_NUM=#{trade_com_num}
	</delete>

	<select id="getreMOMCount" parameterType="Integer" resultType="Integer">
		SELECT COUNT(*) FROM TRADE_COMMENT WHERE REPLY_NUM_FK=#{trade_num}
	</select>
	<!-- 글 가져오기 -->
	<select id="getreMOMList" parameterType="hashmap"
		resultType="edu.kosta.model.dto.ur.trade.TradeReplyDTO">
		SELECT * FROM
		(SELECT A.*,ROWNUM R FROM
		(SELECT * FROM TRADE_COMMENT ORDER BY TRADE_COM_NUM DESC) A
		)
		WHERE R >= #{start} AND R &lt;= #{end}
	</select>

	<select id="replylist1" parameterType="hashmap"
		resultType="edu.kosta.model.dto.ur.trade.TradeReplyDTO">
		SELECT * FROM
		(SELECT A.*,ROWNUM R FROM
		(SELECT * FROM TRADE_COMMENT WHERE REPLY_NUM_FK=#{trade_num} ORDER BY
		TRADE_COM_NUM DESC) A
		)
		WHERE R >= #{start} AND R &lt;= #{end} AND REPLY_NUM_FK=#{trade_num}
	</select>
</mapper>