<?xml version="1.0" encoding="UTF-8"?>
<!DOCTYPE mapper PUBLIC "-//mybatis.org//DTD Mapper 3.0//EN" "http://mybatis.org/dtd/mybatis-3-mapper.dtd">
    
<mapper namespace="edu.kosta.model.dto.ur.trade.TradeDAO">
	<insert id="insertmom" parameterType="hashmap">
		INSERT INTO
		TRADE(TRADE_NUM,USER_ID,TRADE_TITLE,TRADE_HIT,TRADE_PHONE,TRADE_CONTENT,TRADE_DATE,TRADE_CATEGORY,TRADE_PIC)
		VALUES(TRADE_NUM_SEQ.NEXTVAL,#{user_id},#{trade_title},0,#{trade_phone},#{trade_content},SYSDATE,#{trade_category},#{trade_pic})
	</insert>

	<!-- 교환 글 가져오기 -->
	<select id="getMOMList" parameterType="hashmap"
		resultType="edu.kosta.model.dto.ur.trade.TradeDTO">
		SELECT * FROM
		(SELECT A.*,ROWNUM R FROM
		(SELECT * FROM TRADE
		ORDER BY TRADE_NUM DESC) A)
		WHERE R >= #{start} AND R &lt;= #{end} AND
		(WHICH_BOARD = 'TRADE')
	</select>

	<!--기부 글 가져오기 -->
	<select id="getDonateList" parameterType="hashmap"
		resultType="edu.kosta.model.dto.ur.trade.TradeDTO">
		SELECT * FROM
		(SELECT A.*,ROWNUM R FROM
		(SELECT * FROM TRADE
		ORDER BY TRADE_NUM DESC) A )
		WHERE R >= #{start} AND R &lt;= #{end} AND
		(WHICH_BOARD = 'DONATE')
	</select>


	<!-- 글 하나 가져오기 -->
	<select id="getupdate" parameterType="Integer"
		resultType="edu.kosta.model.dto.ur.trade.TradeDTO">
		SELECT * FROM TRADE WHERE TRADE_NUM = #{trade_num}
	</select>

	<update id="updatemom" parameterType="hashmap">
		UPDATE TRADE SET
		TRADE_TITLE=#{trade_title},TRADE_PHONE=#{trade_phone},TRADE_CATEGORY=#{trade_category},TRADE_CONTENT=#{trade_content},TRADE_PIC=#{trade_pic}
		WHERE TRADE_NUM = #{trade_num}
	</update>

	<delete id="deleteMOM" parameterType="edu.kosta.model.dto.ur.trade.TradeDTO">
		DELETE FROM TRADE WHERE
		TRADE_NUM = #{trade_num}
	</delete>

	<update id="updateHit" parameterType="Integer">
		UPDATE TRADE SET TRADE_HIT
		= TRADE_HIT + 1
		WHERE TRADE_NUM = #{trade_num}
	</update>

	<select id="getMOMCount" resultType="Integer">
		SELECT COUNT(*) FROM TRADE
		WHERE (WHICH_BOARD = 'TRADE')
	</select>

	<select id="getDonateCount" resultType="Integer">
		SELECT COUNT(*) FROM
		TRADE WHERE (WHICH_BOARD = 'DONATE')
	</select>

	<update id="readCountDown" parameterType="Integer">
		UPDATE TRADE SET
		TRADE_HIT=TRADE_HIT-1 WHERE TRADE_NUM=#{trade_num}
	</update>

	<select id="gettitleList" parameterType="hashmap"
		resultType="edu.kosta.model.dto.ur.trade.TradeDTO">
		SELECT * FROM
		(SELECT A.*,ROWNUM R FROM
		(SELECT * FROM TRADE
		WHERE TRADE_TITLE LIKE '%'||#{trade_title}||'%' ORDER BY
		TRADE_NUM
		DESC) A)
		WHERE R >= #{start} AND R &lt;= #{end}
	</select>

	<select id="getidList" parameterType="hashmap"
		resultType="edu.kosta.model.dto.ur.trade.TradeDTO">
		SELECT * FROM
		(SELECT A.*,ROWNUM R FROM
		(SELECT * FROM TRADE
		WHERE USER_ID LIKE '%'||#{id}||'%' ORDER BY TRADE_NUM
		DESC) A)
		WHERE R
		>= #{start} AND R &lt;= #{end}
	</select>

	<select id="getcategoryList" parameterType="hashmap"
		resultType="edu.kosta.model.dto.ur.trade.TradeDTO">
		SELECT * FROM
		(SELECT A.*,ROWNUM R FROM
		(SELECT * FROM TRADE
		WHERE TRADE_CATEGORY LIKE '%'||#{trade_category}||'%'
		ORDER BY
		TRADE_NUM DESC) A)
		WHERE R >= #{start} AND R &lt;= #{end}
	</select>

	<select id="getidListCount" parameterType="hashmap" resultType="Integer">
		SELECT COUNT(*) FROM TRADE WHERE USER_ID LIKE '%'||#{id}||'%'
	</select>

	<select id="getcategoryListCount" parameterType="hashmap"
		resultType="Integer">
		SELECT COUNT(*) FROM TRADE WHERE TRADE_CATEGORY LIKE
		'%'||#{trade_category}||'%'
	</select>

	<select id="gettitleListCount" parameterType="hashmap"
		resultType="Integer">
		SELECT COUNT(*) FROM TRADE WHERE TRADE_TITLE LIKE
		'%'||#{trade_title}||'%'
	</select>

	<update id="updateSuccess" parameterType="Integer">
		UPDATE TRADE SET
		TRADE_SUCCESS = TRADE_SUCCESS + 1
		WHERE TRADE_NUM = #{trade_num}
	</update>

	<insert id="updateDonate" parameterType="hashmap">
 	<![CDATA[UPDATE (SELECT * FROM TRADE WHERE ((TRADE_DATE <= (SELECT SYSDATE - INTERVAL '0' DAY FROM DUAL) AND TRADE_DATE >= (SELECT SYSDATE - INTERVAL '1' DAY FROM DUAL)) AND (TRADE_SUCCESS = 0))) SET WHICH_BOARD = 'DONATE' WHERE WHICH_BOARD = 'TRADE']]>
	</insert>
</mapper>