<?xml version="1.0" encoding="UTF-8"?>
<!DOCTYPE mapper
    PUBLIC "-//mybatis.org//DTD Mapper 3.0//EN"
    "http://mybatis.org/dtd/mybatis-3-mapper.dtd">

<mapper namespace="edu.kosta.model.dto.ur.QnA.QnADAO">
	<!-- 글쓰기 -->
	<insert id="insertQnA" parameterType="edu.kosta.model.dto.ur.QnA.QnADTO">
		INSERT INTO QNA(Q_NUM,USER_ID,Q_CONTENTS,<!-- Q_PWD, -->
		Q_DATE,ITEM_NUM)
		VALUES( (SELECT NVL(MAX(Q_NUM),0)+1 FROM
		QNA),#{user_id},#{q_contents},SYSDATE,#{item_num})
	</insert>

	<!-- 글 가져오기 -->
	<select id="getQnAList" parameterType="hashmap"
		resultType="edu.kosta.model.dto.ur.QnA.QnADTO">
		SELECT * FROM
		(SELECT A.*,ROWNUM R FROM
		(SELECT * FROM QNA WHERE ITEM_NUM=#{item_num} ORDER BY Q_NUM DESC) A )
		WHERE R >= #{start} AND R &lt;= #{end}
	</select>

	<!-- 글 하나 가져오기 -->
	<select id="getQnA" parameterType="Integer"
		resultType="edu.kosta.model.dto.ur.QnA.QnADTO">
		SELECT * FROM QNA WHERE Q_NUM = #{q_num}
	</select>

	<update id="updateQnA" parameterType="edu.kosta.model.dto.ur.QnA.QnADTO">
		UPDATE QNA SET Q_CONTENTS=#{q_contents}
		WHERE Q_NUM = #{q_num}
	</update>

	<!-- q_num을 기준으로 바로 삭제 -->
	<delete id="deleteQnA" parameterType="Integer">
		DELETE FROM QNA WHERE Q_NUM=#{q_num}
	</delete>


	<select id="getQnACount" resultType="Integer" parameterType="String">
		SELECT COUNT(*) FROM QNA WHERE ITEM_NUM=#{item_num}
	</select>

	<insert id="insertReply" parameterType="edu.kosta.model.dto.ur.QnA.QnaCommentDTO">
		INSERT INTO QNA_COMMENT(Q_COM_NUM,ADMIN_ID,Q_NUM,Q_COM_CONTENTS,Q_COM_DATE)
		VALUES( (SELECT NVL(MAX(Q_COM_NUM),0)+1 FROM
		QNA_COMMENT),#{admin_id},#{q_num},#{q_com_contents},SYSDATE)
	</insert>

	<select id="selectReply" parameterType="list"
		resultType="edu.kosta.model.dto.ur.QnA.QnaCommentDTO">
		SELECT*FROM QNA_COMMENT ORDER BY Q_NUM DESC, Q_COM_NUM
	</select>
</mapper>
