<?xml version="1.0" encoding="UTF-8"?>
<!DOCTYPE mapper
    PUBLIC "-//mybatis.org//DTD Mapper 3.0//EN"
    "http://mybatis.org/dtd/mybatis-3-mapper.dtd">

<mapper namespace="edu.kosta.model.dto.ur.receiving.ReceivingDAO">
	<select id="getReceiving_day_list" resultType="edu.kosta.model.dto.ur.receiving.ReceivingDTO">
		SELECT
		TO_CHAR(I.UPDATE_TIME, 'YYYY-MM-DD') DAY, S.ITEM_NUM, S.ITEM_NAME,
		S.ITEM_GENDER, S.ITEM_TYPE, S.ITEM_TYPE_DETAIL, S.UNIT_PRICE
		UNIT_PRICE, SUM(I.IN_AMOUNT) AMOUNT,SUM(I.IN_AMOUNT)*S.UNIT_PRICE
		TOTAL
		FROM STOCKINFO I, STOCK S
		WHERE S.ITEM_NUM = I.ITEM_NUM AND
		(TO_CHAR(I.UPDATE_TIME,'YYYY-MM-DD') = TO_CHAR(SYSDATE,'YYYY-MM-DD'))
		GROUP BY TO_CHAR(I.UPDATE_TIME, 'YYYY-MM-DD'), S.ITEM_NUM,
		S.ITEM_NAME, S.ITEM_GENDER, S.ITEM_TYPE,
		S.ITEM_TYPE_DETAIL,S.UNIT_PRICE
		ORDER BY TO_CHAR(I.UPDATE_TIME,
		'YYYY-MM-DD')
	</select>

	<select id="getReceiving_day_search" parameterType="String"
		resultType="edu.kosta.model.dto.ur.receiving.ReceivingDTO">
		SELECT TO_CHAR(I.UPDATE_TIME, 'YYYY-MM-DD') DAY,
		S.ITEM_NUM, S.ITEM_NAME, S.ITEM_GENDER, S.ITEM_TYPE,
		S.ITEM_TYPE_DETAIL, S.UNIT_PRICE UNIT_PRICE, SUM(I.IN_AMOUNT)
		AMOUNT,SUM(I.IN_AMOUNT)*S.UNIT_PRICE TOTAL
		FROM STOCKINFO I, STOCK S
		WHERE S.ITEM_NUM = I.ITEM_NUM AND
		(TO_CHAR(I.UPDATE_TIME,'YYYY-MM-DD') = #{day})
		GROUP BY
		TO_CHAR(I.UPDATE_TIME, 'YYYY-MM-DD'), S.ITEM_NUM, S.ITEM_NAME,
		S.ITEM_GENDER, S.ITEM_TYPE, S.ITEM_TYPE_DETAIL,S.UNIT_PRICE
		ORDER BY
		TO_CHAR(I.UPDATE_TIME, 'YYYY-MM-DD')
	</select>

	<select id="getReceiving_month_list" parameterType="String"
		resultType="edu.kosta.model.dto.ur.receiving.ReceivingDTO">
		SELECT TO_CHAR(I.UPDATE_TIME, 'YYYY-MM-DD') DAY,
		S.ITEM_NUM, S.ITEM_NAME, S.ITEM_GENDER, S.ITEM_TYPE,
		S.ITEM_TYPE_DETAIL, S.UNIT_PRICE UNIT_PRICE, SUM(I.IN_AMOUNT)
		AMOUNT,SUM(I.IN_AMOUNT)*S.UNIT_PRICE TOTAL
		FROM STOCKINFO I, STOCK S
		WHERE S.ITEM_NUM = I.ITEM_NUM AND
		(TO_CHAR(I.UPDATE_TIME,'YYYY-MM') = #{day})
		GROUP BY
		TO_CHAR(I.UPDATE_TIME, 'YYYY-MM-DD'), S.ITEM_NUM, S.ITEM_NAME,
		S.ITEM_GENDER, S.ITEM_TYPE, S.ITEM_TYPE_DETAIL,S.UNIT_PRICE
		ORDER BY
		TO_CHAR(I.UPDATE_TIME, 'YYYY-MM-DD')
	</select>

	<select id="getReceiving_year_list" parameterType="String"
		resultType="edu.kosta.model.dto.ur.receiving.ReceivingDTO">
		SELECT TO_CHAR(I.UPDATE_TIME, 'YYYY-MM-DD') DAY,
		S.ITEM_NUM, S.ITEM_NAME, S.ITEM_GENDER, S.ITEM_TYPE,
		S.ITEM_TYPE_DETAIL, S.UNIT_PRICE UNIT_PRICE, SUM(I.IN_AMOUNT)
		AMOUNT,SUM(I.IN_AMOUNT)*S.UNIT_PRICE TOTAL
		FROM STOCKINFO I, STOCK S
		WHERE S.ITEM_NUM = I.ITEM_NUM AND
		(TO_CHAR(I.UPDATE_TIME,'YYYY') = #{day})
		GROUP BY
		TO_CHAR(I.UPDATE_TIME, 'YYYY-MM-DD'), S.ITEM_NUM, S.ITEM_NAME,
		S.ITEM_GENDER, S.ITEM_TYPE, S.ITEM_TYPE_DETAIL,S.UNIT_PRICE
		ORDER BY
		TO_CHAR(I.UPDATE_TIME, 'YYYY-MM-DD')
	</select>

	<select id="getBarChart_day_list" parameterType="String"
		resultType="edu.kosta.model.dto.ur.receiving.ReceivingDTO">
		SELECT S.ITEM_NUM, S.ITEM_NAME,
		SUM(I.IN_AMOUNT)*S.UNIT_PRICE TOTAL
		FROM STOCKINFO I, STOCK S
		WHERE S.ITEM_NUM = I.ITEM_NUM AND
		(TO_CHAR(I.UPDATE_TIME,'YYYY-MM-DD') = TO_CHAR(SYSDATE,'YYYY-MM-DD'))
		GROUP BY S.ITEM_NUM, S.ITEM_NAME ,S.UNIT_PRICE
	</select>

	<select id="getBarChart_day_search" parameterType="String"
		resultType="edu.kosta.model.dto.ur.receiving.ReceivingDTO">
		SELECT S.ITEM_NUM, S.ITEM_NAME,
		SUM(I.IN_AMOUNT)*S.UNIT_PRICE TOTAL
		FROM STOCKINFO I, STOCK S
		WHERE S.ITEM_NUM = I.ITEM_NUM AND
		(TO_CHAR(I.UPDATE_TIME,'YYYY-MM-DD') = #{day})
		GROUP BY S.ITEM_NUM,
		S.ITEM_NAME ,S.UNIT_PRICE
	</select>

	<select id="getBarChart_month_list" parameterType="String"
		resultType="edu.kosta.model.dto.ur.receiving.ReceivingDTO">
		SELECT S.ITEM_NUM, S.ITEM_NAME,
		SUM(I.IN_AMOUNT)*S.UNIT_PRICE TOTAL
		FROM STOCKINFO I, STOCK S
		WHERE S.ITEM_NUM = I.ITEM_NUM AND
		(TO_CHAR(I.UPDATE_TIME,'YYYY-MM') = #{day})
		GROUP BY S.ITEM_NUM,
		S.ITEM_NAME ,S.UNIT_PRICE
	</select>

	<select id="getBarChart_year_list" parameterType="String"
		resultType="edu.kosta.model.dto.ur.receiving.ReceivingDTO">
		SELECT S.ITEM_NUM, S.ITEM_NAME,
		SUM(I.IN_AMOUNT)*S.UNIT_PRICE TOTAL
		FROM STOCKINFO I, STOCK S
		WHERE S.ITEM_NUM = I.ITEM_NUM AND
		(TO_CHAR(I.UPDATE_TIME,'YYYY') = #{day})
		GROUP BY S.ITEM_NUM,
		S.ITEM_NAME ,S.UNIT_PRICE
	</select>
</mapper>