<?xml version="1.0" encoding="UTF-8"?>
<!DOCTYPE mapper PUBLIC "-//mybatis.org//DTD Mapper 3.0//EN" "http://mybatis.org/dtd/mybatis-3-mapper.dtd">

<mapper namespace="edu.kosta.model.dto.ur.stock.StockDAO">
	<select id="getStockList" resultType="edu.kosta.model.dto.ur.stock.StockDTO"
		parameterType="hashmap">
		SELECT *
		FROM (SELECT A.*,ROWNUM R FROM (SELECT * FROM
		STOCK ORDER BY ITEM_NUM
		DESC) A )
		WHERE R >= #{start, jdbcType=NUMERIC}
		AND R &lt;= #{end, jdbcType=NUMERIC}
	</select>

	<select id="getItemBoyCount" resultType="Integer">
		SELECT COUNT(*) FROM
		STOCK WHERE ITEM_GENDER='boy'
	</select>

	<select id="getItemGirlCount" resultType="Integer">
		SELECT COUNT(*) FROM
		STOCK WHERE ITEM_GENDER='girl'
	</select>

	<select id="getUrmomCount" resultType="Integer">
		SELECT COUNT(*) FROM STOCK
		<if test="it.equals('out')"> WHERE (ITEM_TYPE='out') </if>
		<if test="it.equals('top')"> WHERE (ITEM_TYPE='top') </if>
		<if test="it.equals('bot')"> WHERE (ITEM_TYPE='bot') </if>
		<if test="it.equals('dre')"> WHERE (ITEM_TYPE='dre') </if>
	</select>

	<select id="getItemDetailCount" resultType="Integer">
		SELECT COUNT(*) FROM STOCK
		<if test="itd.equals('tee')"> WHERE (ITEM_TYPE_DETAIL='tee') </if>
		<if test="itd.equals('blou')"> WHERE (ITEM_TYPE_DETAIL='blou') </if>
		<if test="itd.equals('knit')"> WHERE (ITEM_TYPE_DETAIL='knit') </if>
		<if test="itd.equals('pant')"> WHERE (ITEM_TYPE_DETAIL='pant') </if>
		<if test="itd.equals('skir')"> WHERE (ITEM_TYPE_DETAIL='skir') </if>
	</select>

	<select id="getSearchStockList" resultType="edu.kosta.model.dto.ur.item.ItemDTO"
		parameterType="hashmap">
		SELECT * FROM
		(SELECT A.*,ROWNUM R FROM
		(SELECT * FROM STOCK ORDER BY
		ITEM_NUM DESC) A )
		WHERE (R >= #{start, jdbcType=NUMERIC} AND R &lt;=
		#{end,
		jdbcType=NUMERIC})
		<if test="searchBox!=null and searchValue.equals('item_num')">
			AND ITEM_NUM=#{searchBox}
		</if>
		<if test="searchBox!=null and searchValue.equals('item_name')">
			AND ITEM_NAME LIKE '%' || #{searchBox} || '%'
		</if>
		<if test="searchBox!=null and searchValue.equals('item_gender')">
			AND ITEM_GENDER=#{searchBox}
		</if>
		<if test="searchBox!=null and searchValue.equals('item_type')">
			AND ITEM_TYPE=#{searchBox}
		</if>
		<if test="searchBox!=null and searchValue.equals('item_type_detail')">
			AND ITEM_TYPE_DETAIL=#{searchBox}
		</if>
		ORDER BY ITEM_NUM DESC
	</select>

	<insert id="stockInsert" parameterType="edu.kosta.model.dto.ur.stock.StockDTO">
		INSERT INTO STOCK
		VALUES
		(#{item_num},#{item_name},#{item_gender},#{item_type},#{item_type_detail},#{unit_price},#{sell_price},null)
	</insert>

	<update id="stockUpdate" parameterType="edu.kosta.model.dto.ur.stock.StockDTO">
		UPDATE STOCK SET
		ITEM_NAME=#{item_name},ITEM_GENDER=#{item_gender},ITEM_TYPE=#{item_type},ITEM_TYPE_DETAIL=#{item_type_detail},
		UNIT_PRICE=#{unit_price},SELL_PRICE=#{sell_price},IN_ITEM=#{in_item}
		WHERE ITEM_NUM=#{item_num}
	</update>

	<delete id="itemDelete" parameterType="edu.kosta.model.dto.ur.stock.StockDTO">
		DELETE FROM ITEM WHERE
		ITEM_NUM=#{item_num}
	</delete>
	<delete id="cartDelete" parameterType="edu.kosta.model.dto.ur.stock.StockDTO">
		DELETE FROM CART WHERE
		ITEM_NUM=#{item_num}
	</delete>
	<delete id="orderItemDelete" parameterType="edu.kosta.model.dto.ur.stock.StockDTO">
		DELETE FROM
		ORDERSITEM WHERE ITEM_NUM=#{item_num}
	</delete>
	<delete id="stockInfoDelete" parameterType="edu.kosta.model.dto.ur.stock.StockDTO">
		DELETE FROM STOCKINFO
		WHERE ITEM_NUM=#{item_num}
	</delete>
	<delete id="stockDelete" parameterType="edu.kosta.model.dto.ur.stock.StockDTO">
		DELETE FROM STOCK WHERE
		ITEM_NUM=#{item_num}
	</delete>

	<select id="getStockShow" resultType="edu.kosta.model.dto.ur.stock.StockDTO"
		parameterType="hashmap">
		SELECT DISTINCT s.ITEM_SIZE, s.ITEM_AMOUNT,
		a.UPDATE_TIME
		FROM (SELECT ITEM_SIZE, MAX(UPDATE_TIME) AS UPDATE_TIME
		FROM STOCKINFO
		WHERE ITEM_NUM=#{item_num}
		GROUP BY ITEM_SIZE) a
		INNER
		JOIN STOCKINFO s
		ON s.ITEM_SIZE=a.ITEM_SIZE AND
		s.UPDATE_TIME=a.UPDATE_TIME
		WHERE ITEM_NUM=#{item_num}
		ORDER BY
		DECODE(ITEM_SIZE,'xs',1,'s',2,'m',3,'l',4,'xl',5)
	</select>

	<insert id="stockAdd" parameterType="hashMap">
		INSERT INTO STOCKINFO
		(item_num,item_size,ori_amount,in_amount,item_amount,update_time)
		VALUES
		(#{item_num},#{item_size},#{ori_amount},#{in_amount},#{item_amout},SYSDATE)
	</insert>

	<select id="getExistSize" resultType="edu.kosta.model.dto.ur.stock.StockDTO">
		SELECT ITEM_SIZE FROM
		STOCKINFO WHERE ITEM_NUM=#{item_num}
	</select>

	<insert id="stockAddSize" parameterType="hashMap">
		INSERT INTO STOCKINFO
		(item_num,item_size,in_amount,item_amount,update_time)
		VALUES
		(#{item_num},#{item_size},#{in_amount},#{item_amount},SYSDATE)
	</insert>

	<select id="countNoStock" resultType="Integer">
		SELECT COUNT(ITEM_AMOUNT)
		AS COUNTNOSTOCK FROM (
		SELECT DISTINCT s.ITEM_SIZE, s.ITEM_AMOUNT,
		a.UPDATE_TIME
		FROM (SELECT ITEM_SIZE, MAX(UPDATE_TIME) AS UPDATE_TIME
		FROM STOCKINFO
		WHERE ITEM_NUM=#{item_num}
		GROUP BY ITEM_SIZE) a
		INNER
		JOIN STOCKINFO s
		ON s.ITEM_SIZE=a.ITEM_SIZE AND
		s.UPDATE_TIME=a.UPDATE_TIME
		WHERE ITEM_NUM=#{item_num}
		ORDER BY
		DECODE(ITEM_SIZE,'xs',1,'s',2,'m',3,'l',4,'xl',5))
		WHERE ITEM_AMOUNT=0
	</select>

	<select id="stockSizeCount" resultType="Integer">
		SELECT COUNT(*) FROM(
		SELECT COUNT(*) FROM STOCKINFO
		WHERE ITEM_NUM=#{item_num}
		GROUP BY ITEM_SIZE)
	</select>

	<select id="stockInItem" resultType="Integer">
		SELECT COUNT(*) FROM ITEM
		WHERE ITEM_NUM=#{item_num}
	</select>

	<select id="inList" resultType="edu.kosta.model.dto.ur.stock.StockDTO"
		parameterType="hashMap">
		SELECT *
		FROM (SELECT A.*,ROWNUM R FROM
		(
		SELECT
		TO_CHAR(i.UPDATE_TIME, 'YYYY-MM-dd') day,
		i.item_num,s.item_name,i.item_size,s.item_gender,s.item_type,s.item_type_detail,sum(i.in_amount)
		in_amount
		FROM STOCKINFO i, STOCK s
		WHERE i.item_num = s.item_num
		AND
		(TO_CHAR(i.UPDATE_TIME,'YYYY-MM-dd') = TO_CHAR(SYSDATE,'YYYY-MM-DD'))
		AND i.IN_AMOUNT IS NOT NULL
		GROUP BY TO_CHAR(i.UPDATE_TIME,
		'YYYY-MM-dd'),i.item_num,s.item_name,i.item_size,s.item_gender,s.item_type,s.item_type_detail
		ORDER BY TO_CHAR(i.UPDATE_TIME, 'YYYY-MM-dd')
		) A )
		WHERE R >= #{start,
		jdbcType=NUMERIC} AND R &lt;= #{end, jdbcType=NUMERIC}
	</select>

	<select id="inListCount" resultType="Integer">
		SELECT COUNT(*) FROM
		(
		SELECT
		TO_CHAR(i.UPDATE_TIME, 'YYYY-MM-dd') day,
		i.item_num,s.item_name,i.item_size,s.item_gender,s.item_type,s.item_type_detail,sum(i.in_amount)
		in_amount
		FROM STOCKINFO i, STOCK s
		WHERE i.item_num = s.item_num
		AND
		(TO_CHAR(i.UPDATE_TIME,'YYYY-MM-dd') = TO_CHAR(SYSDATE,'YYYY-MM-DD'))
		AND i.IN_AMOUNT IS NOT NULL
		GROUP BY TO_CHAR(i.UPDATE_TIME,
		'YYYY-MM-dd'),i.item_num,s.item_name,i.item_size,s.item_gender,s.item_type,s.item_type_detail
		ORDER BY TO_CHAR(i.UPDATE_TIME, 'YYYY-MM-dd')
		)
	</select>

	<select id="searchInList" parameterType="hashMap"
		resultType="edu.kosta.model.dto.ur.stock.StockDTO">
		SELECT *
		FROM (SELECT A.*,ROWNUM R FROM
		(
		SELECT TO_CHAR(i.UPDATE_TIME)
		day,
		i.item_num,s.item_name,i.item_size,s.item_gender,s.item_type,s.item_type_detail,sum(i.in_amount)
		in_amount
		FROM STOCKINFO i, STOCK s
		WHERE i.item_num = s.item_num
		<if test="day.length()==10">
			AND (TO_CHAR(i.UPDATE_TIME,'YYYY-MM-dd') = #{day})
		</if>
		<if test="day.length()==7">
			AND (TO_CHAR(i.UPDATE_TIME,'YYYY-MM') = #{day})
		</if>
		<if test="day.length()==4">
			AND (TO_CHAR(i.UPDATE_TIME,'YYYY') = #{day})
		</if>
		AND i.IN_AMOUNT IS NOT NULL
		GROUP BY
		TO_CHAR(i.UPDATE_TIME),i.item_num,s.item_name,i.item_size,s.item_gender,s.item_type,s.item_type_detail
		ORDER BY TO_CHAR(i.UPDATE_TIME)
		) A )
		WHERE R >= #{start,
		jdbcType=NUMERIC} AND R &lt;= #{end, jdbcType=NUMERIC}
	</select>

	<select id="searchInListCount" resultType="Integer">
		SELECT COUNT(*) FROM
		(
		SELECT TO_CHAR(i.UPDATE_TIME) day,
		i.item_num,s.item_name,i.item_size,s.item_gender,s.item_type,s.item_type_detail,sum(i.in_amount)
		in_amount
		FROM STOCKINFO i, STOCK s
		WHERE i.item_num = s.item_num
		<if test="day.length()==10">
			AND (TO_CHAR(i.UPDATE_TIME,'YYYY-MM-dd') = #{day})
		</if>
		<if test="day.length()==7">
			AND (TO_CHAR(i.UPDATE_TIME,'YYYY-MM') = #{day})
		</if>
		<if test="day.length()==4">
			AND (TO_CHAR(i.UPDATE_TIME,'YYYY') = #{day})
		</if>
		AND i.IN_AMOUNT IS NOT NULL
		GROUP BY
		TO_CHAR(i.UPDATE_TIME),i.item_num,s.item_name,i.item_size,s.item_gender,s.item_type,s.item_type_detail
		ORDER BY TO_CHAR(i.UPDATE_TIME)
		)
	</select>

	<select id="outList" resultType="edu.kosta.model.dto.ur.stock.StockDTO"
		parameterType="hashMap">
		SELECT *
		FROM (SELECT A.*,ROWNUM R FROM
		(
		SELECT
		TO_CHAR(i.UPDATE_TIME, 'YYYY-MM-dd') day,
		i.item_num,s.item_name,i.item_size,s.item_gender,s.item_type,s.item_type_detail,sum(i.out_amount)
		out_amount
		FROM STOCKINFO i, STOCK s
		WHERE i.item_num = s.item_num
		AND
		(TO_CHAR(i.UPDATE_TIME,'YYYY-MM-dd') = TO_CHAR(SYSDATE,'YYYY-MM-DD'))
		AND i.out_amount IS NOT NULL
		GROUP BY TO_CHAR(i.UPDATE_TIME,
		'YYYY-MM-dd'),i.item_num,s.item_name,i.item_size,s.item_gender,s.item_type,s.item_type_detail
		ORDER BY TO_CHAR(i.UPDATE_TIME, 'YYYY-MM-dd')
		) A )
		WHERE R >= #{start,
		jdbcType=NUMERIC} AND R &lt;= #{end, jdbcType=NUMERIC}
	</select>
	<select id="outListCount" resultType="Integer">
		SELECT COUNT(*) FROM
		(
		SELECT TO_CHAR(i.UPDATE_TIME, 'YYYY-MM-dd') day,
		i.item_num,s.item_name,i.item_size,s.item_gender,s.item_type,s.item_type_detail,sum(i.out_amount)
		out_amount
		FROM STOCKINFO i, STOCK s
		WHERE i.item_num = s.item_num
		AND
		(TO_CHAR(i.UPDATE_TIME,'YYYY-MM-dd') = TO_CHAR(SYSDATE,'YYYY-MM-DD'))
		AND i.out_amount IS NOT NULL
		GROUP BY TO_CHAR(i.UPDATE_TIME,
		'YYYY-MM-dd'),i.item_num,s.item_name,i.item_size,s.item_gender,s.item_type,s.item_type_detail
		ORDER BY TO_CHAR(i.UPDATE_TIME, 'YYYY-MM-dd')
		)
	</select>

	<select id="searchOutList" parameterType="hashMap"
		resultType="edu.kosta.model.dto.ur.stock.StockDTO">
		SELECT *
		FROM (SELECT A.*,ROWNUM R FROM
		(
		SELECT TO_CHAR(i.UPDATE_TIME)
		day,
		i.item_num,s.item_name,i.item_size,s.item_gender,s.item_type,s.item_type_detail,sum(i.out_amount)
		out_amount
		FROM STOCKINFO i, STOCK s
		WHERE i.item_num = s.item_num
		<if test="day.length()==10">
			AND (TO_CHAR(i.UPDATE_TIME,'YYYY-MM-dd') = #{day})
		</if>
		<if test="day.length()==7">
			AND (TO_CHAR(i.UPDATE_TIME,'YYYY-MM') = #{day})
		</if>
		<if test="day.length()==4">
			AND (TO_CHAR(i.UPDATE_TIME,'YYYY') = #{day})
		</if>
		AND i.out_amount IS NOT NULL
		GROUP BY
		TO_CHAR(i.UPDATE_TIME),i.item_num,s.item_name,i.item_size,s.item_gender,s.item_type,s.item_type_detail
		ORDER BY TO_CHAR(i.UPDATE_TIME)
		) A )
		WHERE R >= #{start,
		jdbcType=NUMERIC} AND R &lt;= #{end, jdbcType=NUMERIC}
	</select>

	<select id="searchOutListCount" resultType="Integer">
		SELECT COUNT(*) FROM
		(
		SELECT TO_CHAR(i.UPDATE_TIME) day,
		i.item_num,s.item_name,i.item_size,s.item_gender,s.item_type,s.item_type_detail,sum(i.out_amount)
		out_amount
		FROM STOCKINFO i, STOCK s
		WHERE i.item_num = s.item_num
		<if test="day.length()==10">
			AND (TO_CHAR(i.UPDATE_TIME,'YYYY-MM-dd') = #{day})
		</if>
		<if test="day.length()==7">
			AND (TO_CHAR(i.UPDATE_TIME,'YYYY-MM') = #{day})
		</if>
		<if test="day.length()==4">
			AND (TO_CHAR(i.UPDATE_TIME,'YYYY') = #{day})
		</if>
		AND i.out_amount IS NOT NULL
		GROUP BY
		TO_CHAR(i.UPDATE_TIME),i.item_num,s.item_name,i.item_size,s.item_gender,s.item_type,s.item_type_detail
		ORDER BY TO_CHAR(i.UPDATE_TIME)
		)
	</select>

	<select id="inGenderChart" resultType="edu.kosta.model.dto.ur.stock.StockDTO">
		SELECT
		TO_CHAR(i.UPDATE_TIME, 'YYYY-MM-dd') day, s.item_gender AS
		item_gender, sum(i.in_amount) AS in_amount
		FROM STOCK s, STOCKINFO i
		WHERE i.item_num=s.item_num
		AND (TO_CHAR(i.UPDATE_TIME,'YYYY-MM-dd') =
		TO_CHAR(SYSDATE,'YYYY-MM-DD'))
		GROUP BY TO_CHAR(i.UPDATE_TIME,
		'YYYY-MM-dd'), s.item_gender
	</select>
	<select id="searchInGenderChart" resultType="edu.kosta.model.dto.ur.stock.StockDTO">
		SELECT TO_CHAR(i.UPDATE_TIME) day, s.item_gender AS item_gender,
		sum(i.in_amount) AS in_amount
		FROM STOCK s, STOCKINFO i
		WHERE
		i.item_num=s.item_num
		<if test="day.length()==10">
			AND (TO_CHAR(i.UPDATE_TIME,'YYYY-MM-dd') = #{day})
		</if>
		<if test="day.length()==7">
			AND (TO_CHAR(i.UPDATE_TIME,'YYYY-MM') = #{day})
		</if>
		<if test="day.length()==4">
			AND (TO_CHAR(i.UPDATE_TIME,'YYYY') = #{day})
		</if>
		GROUP BY TO_CHAR(i.UPDATE_TIME), s.item_gender
	</select>


	<select id="inTypeChart" resultType="edu.kosta.model.dto.ur.stock.StockDTO">
		SELECT
		TO_CHAR(i.UPDATE_TIME, 'YYYY-MM-dd') day, s.item_type AS item_type,
		sum(i.in_amount) AS in_amount
		FROM STOCK s, STOCKINFO i
		WHERE
		i.item_num=s.item_num
		AND (TO_CHAR(i.UPDATE_TIME,'YYYY-MM-dd') =
		TO_CHAR(SYSDATE,'YYYY-MM-DD'))
		GROUP BY TO_CHAR(i.UPDATE_TIME,
		'YYYY-MM-dd'), s.item_type
	</select>
	<select id="searchInTypeChart" resultType="edu.kosta.model.dto.ur.stock.StockDTO">
		SELECT TO_CHAR(i.UPDATE_TIME) day, s.item_type AS item_type,
		sum(i.in_amount) AS in_amount
		FROM STOCK s, STOCKINFO i
		WHERE
		i.item_num=s.item_num
		<if test="day.length()==10">
			AND (TO_CHAR(i.UPDATE_TIME,'YYYY-MM-dd') = #{day})
		</if>
		<if test="day.length()==7">
			AND (TO_CHAR(i.UPDATE_TIME,'YYYY-MM') = #{day})
		</if>
		<if test="day.length()==4">
			AND (TO_CHAR(i.UPDATE_TIME,'YYYY') = #{day})
		</if>
		GROUP BY TO_CHAR(i.UPDATE_TIME), s.item_type
	</select>

	<select id="inDetailChart" resultType="edu.kosta.model.dto.ur.stock.StockDTO">
		SELECT
		TO_CHAR(i.UPDATE_TIME, 'YYYY-MM-dd') day, s.item_type_detail AS
		item_type_detail, sum(i.in_amount) AS in_amount
		FROM STOCK s, STOCKINFO
		i
		WHERE i.item_num=s.item_num
		AND (TO_CHAR(i.UPDATE_TIME,'YYYY-MM-dd') =
		TO_CHAR(SYSDATE,'YYYY-MM-DD'))
		GROUP BY TO_CHAR(i.UPDATE_TIME,
		'YYYY-MM-dd'), s.item_type_detail
	</select>
	<select id="searchInDetailChart" resultType="edu.kosta.model.dto.ur.stock.StockDTO">
		SELECT TO_CHAR(i.UPDATE_TIME) day, s.item_type_detail AS
		item_type_detail, sum(i.in_amount) AS in_amount
		FROM STOCK s, STOCKINFO
		i
		WHERE i.item_num=s.item_num
		<if test="day.length()==10">
			AND (TO_CHAR(i.UPDATE_TIME,'YYYY-MM-dd') = #{day})
		</if>
		<if test="day.length()==7">
			AND (TO_CHAR(i.UPDATE_TIME,'YYYY-MM') = #{day})
		</if>
		<if test="day.length()==4">
			AND (TO_CHAR(i.UPDATE_TIME,'YYYY') = #{day})
		</if>
		GROUP BY TO_CHAR(i.UPDATE_TIME), s.item_type_detail
	</select>

	<select id="outGenderChart" resultType="edu.kosta.model.dto.ur.stock.StockDTO">
		SELECT
		TO_CHAR(i.UPDATE_TIME, 'YYYY-MM-dd') day, s.item_gender AS
		item_gender, sum(i.out_amount) AS out_amount
		FROM STOCK s, STOCKINFO i
		WHERE i.item_num=s.item_num
		AND (TO_CHAR(i.UPDATE_TIME,'YYYY-MM-dd') =
		TO_CHAR(SYSDATE,'YYYY-MM-DD'))
		GROUP BY TO_CHAR(i.UPDATE_TIME,
		'YYYY-MM-dd'), s.item_gender
	</select>
	<select id="searchOutGenderChart" resultType="edu.kosta.model.dto.ur.stock.StockDTO">
		SELECT TO_CHAR(i.UPDATE_TIME) day, s.item_gender AS item_gender,
		sum(i.out_amount) AS out_amount
		FROM STOCK s, STOCKINFO i
		WHERE
		i.item_num=s.item_num
		<if test="day.length()==10">
			AND (TO_CHAR(i.UPDATE_TIME,'YYYY-MM-dd') = #{day})
		</if>
		<if test="day.length()==7">
			AND (TO_CHAR(i.UPDATE_TIME,'YYYY-MM') = #{day})
		</if>
		<if test="day.length()==4">
			AND (TO_CHAR(i.UPDATE_TIME,'YYYY') = #{day})
		</if>
		GROUP BY TO_CHAR(i.UPDATE_TIME), s.item_gender
	</select>

	<select id="outTypeChart" resultType="edu.kosta.model.dto.ur.stock.StockDTO">
		SELECT
		TO_CHAR(i.UPDATE_TIME, 'YYYY-MM-dd') day, s.item_type AS item_type,
		sum(i.out_amount) AS out_amount
		FROM STOCK s, STOCKINFO i
		WHERE
		i.item_num=s.item_num
		AND (TO_CHAR(i.UPDATE_TIME,'YYYY-MM-dd') =
		TO_CHAR(SYSDATE,'YYYY-MM-DD'))
		GROUP BY TO_CHAR(i.UPDATE_TIME,
		'YYYY-MM-dd'), s.item_type
	</select>
	<select id="searchOutTypeChart" resultType="edu.kosta.model.dto.ur.stock.StockDTO">
		SELECT TO_CHAR(i.UPDATE_TIME) day, s.item_type AS item_type,
		sum(i.out_amount) AS out_amount
		FROM STOCK s, STOCKINFO i
		WHERE
		i.item_num=s.item_num
		<if test="day.length()==10">
			AND (TO_CHAR(i.UPDATE_TIME,'YYYY-MM-dd') = #{day})
		</if>
		<if test="day.length()==7">
			AND (TO_CHAR(i.UPDATE_TIME,'YYYY-MM') = #{day})
		</if>
		<if test="day.length()==4">
			AND (TO_CHAR(i.UPDATE_TIME,'YYYY') = #{day})
		</if>
		GROUP BY TO_CHAR(i.UPDATE_TIME), s.item_type
	</select>


	<select id="outDetailChart" resultType="edu.kosta.model.dto.ur.stock.StockDTO">
		SELECT
		TO_CHAR(i.UPDATE_TIME, 'YYYY-MM-dd') day, s.item_type_detail AS
		item_type_detail, sum(i.out_amount) AS out_amount
		FROM STOCK s,
		STOCKINFO i
		WHERE i.item_num=s.item_num
		AND
		(TO_CHAR(i.UPDATE_TIME,'YYYY-MM-dd') = TO_CHAR(SYSDATE,'YYYY-MM-DD'))
		GROUP BY TO_CHAR(i.UPDATE_TIME, 'YYYY-MM-dd'), s.item_type_detail
	</select>
	<select id="searchOutDetailChart" resultType="edu.kosta.model.dto.ur.stock.StockDTO">
		SELECT TO_CHAR(i.UPDATE_TIME) day, s.item_type_detail AS
		item_type_detail, sum(i.out_amount) AS out_amount
		FROM STOCK s,
		STOCKINFO i
		WHERE i.item_num=s.item_num
		<if test="day.length()==10">
			AND (TO_CHAR(i.UPDATE_TIME,'YYYY-MM-dd') = #{day})
		</if>
		<if test="day.length()==7">
			AND (TO_CHAR(i.UPDATE_TIME,'YYYY-MM') = #{day})
		</if>
		<if test="day.length()==4">
			AND (TO_CHAR(i.UPDATE_TIME,'YYYY') = #{day})
		</if>
		GROUP BY TO_CHAR(i.UPDATE_TIME), s.item_type_detail
	</select>

	<select id="getBestItem" resultType="edu.kosta.model.dto.ur.stock.StockDTO">
		SELECT ITEM_NUM, O_PIC
		,O_ITEM_NAME ,SUM(O_AMOUNT) FROM ORDERSITEM GROUP BY
		ITEM_NUM,O_PIC,O_ITEM_NAME ORDER BY SUM(O_AMOUNT) DESC
	</select>

	<select id="getStockSizeAmount" resultType="edu.kosta.model.dto.ur.stock.StockDTO">
		SELECT a.ITEM_NUM AS item_num, a.ITEM_SIZE AS item_size, s.ITEM_AMOUNT AS
		item_amount, a.UPDATE_TIME
		FROM (SELECT ITEM_NUM, ITEM_SIZE, MAX(UPDATE_TIME) AS UPDATE_TIME
		FROM STOCKINFO
		WHERE ITEM_NUM=#{item_num} AND ITEM_SIZE=#{item_size}
		GROUP BY ITEM_NUM, ITEM_SIZE) a
		INNER JOIN STOCKINFO s
		ON s.ITEM_SIZE=a.ITEM_SIZE AND s.UPDATE_TIME=a.UPDATE_TIME AND
		s.ITEM_NUM=a.ITEM_NUM
	</select>
	<insert id="delStockAmount" parameterType="hashMap">
		INSERT INTO STOCKINFO
		(ITEM_NUM,ITEM_SIZE,ORI_AMOUNT,OUT_AMOUNT,ITEM_AMOUNT,UPDATE_TIME)
		VALUES
		(#{item_num},#{item_size},#{ori_amount},#{out_amount},#{item_amount},SYSDATE)
	</insert>

	<insert id="returnCancelStock" parameterType="hashMap">
		INSERT INTO
		STOCKINFO
		(ITEM_NUM,ITEM_SIZE,ORI_AMOUNT,IN_AMOUNT,ITEM_AMOUNT,UPDATE_TIME)
		VALUES
		(#{item_num},#{item_size},#{ori_amount},#{in_amount},#{item_amount},SYSDATE)
	</insert>
</mapper>