<?xml version="1.0" encoding="UTF-8"?>
<!DOCTYPE mapper
		PUBLIC "-//mybatis.org//DTD Mapper 3.0//EN"
			"http://mybatis.org/dtd/mybatis-3-mapper.dtd">
			
<mapper namespace="com.kosta.csm.dao.CommonDAO">

	<insert id="join" parameterType="com.kosta.csm.vo.MemberVO">
		insert into member(m_Id, m_Pwd, m_Store, m_Phone1, m_Phone2, m_Email, m_Location1, m_Location2) 
		values(#{m_Id}, #{m_Pwd}, #{m_Store}, #{m_Phone1}, #{m_Phone2}, #{m_Email}, #{m_Location1}, #{m_Location2})
	</insert>

	<select id="idSearch" parameterType="com.kosta.csm.vo.MemberVO" resultType="com.kosta.csm.vo.MemberVO">
		select * from member where m_Store = #{m_Store} and m_Phone2 = #{m_Phone2}
	</select>
	
	<select id="pwdSearch" parameterType="com.kosta.csm.vo.MemberVO" resultType="com.kosta.csm.vo.MemberVO">
		select * from member where m_Id = #{m_Id} and m_Store = #{m_Store} and m_Phone2 = #{m_Phone2}
	</select>
	
	<select id="idCheck" resultType="int">
		select count(*) from member where m_Id = #{m_Id}
	</select>
</mapper>