<?xml version="1.0" encoding="UTF-8"?>
<beans:beans xmlns="http://www.springframework.org/schema/mvc"
	xmlns:xsi="http://www.w3.org/2001/XMLSchema-instance"
	xmlns:beans="http://www.springframework.org/schema/beans"
	xmlns:context="http://www.springframework.org/schema/context"
	xmlns:tx="http://www.springframework.org/schema/tx"
	xmlns:aop="http://www.springframework.org/schema/aop"
	xmlns:jee="http://www.springframework.org/schema/jee"
	xsi:schemaLocation="http://www.springframework.org/schema/mvc http://www.springframework.org/schema/mvc/spring-mvc.xsd
		http://www.springframework.org/schema/jee http://www.springframework.org/schema/jee/spring-jee-4.1.xsd
		http://www.springframework.org/schema/beans http://www.springframework.org/schema/beans/spring-beans.xsd
		http://www.springframework.org/schema/context http://www.springframework.org/schema/context/spring-context.xsd
		http://www.springframework.org/schema/aop http://www.springframework.org/schema/aop/spring-aop-4.1.xsd
		http://www.springframework.org/schema/tx http://www.springframework.org/schema/tx/spring-tx-4.1.xsd">

	<!-- DispatcherServlet Context: defines this servlet's request-processing infrastructure -->
	<context:component-scan base-package="edu.kosta.controller.*"/>
	<context:component-scan base-package="edu.kosta.controller.ur.*" />
	<context:component-scan base-package="edu.kosta.service.*"/>
	<context:component-scan base-package="edu.kosta.service.ur.*" />
	<context:component-scan base-package="edu.kosta.model.dto.*"/>
	<context:component-scan base-package="edu.kosta.model.dto.ur.*"/>
	<context:component-scan base-package="edu.kosta.mapper.dao.*"/>
	<context:component-scan base-package="edu.kosta.mapper.dao.ur.*"/>
	<context:component-scan base-package="edu.kosta.util.ur.*" />

	<!-- Enables the Spring MVC @Controller programming model -->
	<annotation-driven />

	<!-- Handles HTTP GET requests for /resources/** by efficiently serving up static resources in the ${webappRoot}/resources directory -->
	<resources mapping="/resources/**" location="/resources/" />
	<resources mapping="/resource/**" location="/resource/" />

	<!-- Resolves views selected for rendering by @Controllers to .jsp resources in the /WEB-INF/views directory -->
	<beans:bean class="org.springframework.web.servlet.view.InternalResourceViewResolver">
		<beans:property name="prefix" value="/WEB-INF/views/" />
		<beans:property name="suffix" value=".jsp" />
	</beans:bean>
	
	<!-- itemValidator 유효성 검사 -->
	<beans:bean id="itemValidator" class="edu.kosta.util.ur.item.itemValidator" />
	
	<!-- MessageSource : 에러 처리에 대한 메세지 처리 -->
	<beans:bean id="messageSource" class="org.springframework.context.support.ResourceBundleMessageSource">
		<beans:property name="basename" value="/WEB-INF/conf/itemMessages"/>
		<beans:property name="defaultEncoding" value="UTF-8"/>
	</beans:bean>

</beans:beans>
