<?xml version="1.0" encoding="UTF-8"?>
<!DOCTYPE mapper PUBLIC "-//mybatis.org//DTD Mapper 3.0//EN" "http://mybatis.org/dtd/mybatis-3-mapper.dtd">

<mapper namespace="edu.kosta.model.dto.ur.cart.CartDAO">
	<insert id="getCartAdd" parameterType="edu.kosta.model.dto.ur.cart.CartDTO">
		INSERT INTO CART
		VALUES
		(seq_cart_num.NEXTVAL,#{user_id},#{cart_size},#{cart_amount},#{unit_price},#{sell_price},#{total_price},#{item_num},#{item_name},#{pic_url})
	</insert>

	<update id="addQuantity" parameterType="edu.kosta.model.dto.ur.cart.CartDTO">
		UPDATE CART SET CART_AMOUNT=#{cart_amount_add}, TOTAL_PRICE=#{total_price}
		WHERE USER_ID=#{user_id} AND ITEM_NUM=#{item_num}
	</update>

	<select id="getCartList" resultType="edu.kosta.model.dto.ur.cart.CartDTO"
		parameterType="hashMap">
		SELECT * FROM CART WHERE USER_ID=#{user_id}
		ORDER BY CART_NUM DESC
	</select>
	<select id="getCartListCount" resultType="Integer">
		SELECT COUNT(*) FROM CART WHERE USER_ID=#{user_id}
	</select>

	<insert id="putLastTotals" parameterType="edu.kosta.model.dto.ur.cart.CartDTO">
		INSERT INTO CART_PRICE VALUES (#{user_id}, #{totals_price}, #{deli_price},
		#{last_price}, SYSDATE)
	</insert>

	<select id="getLastTotals" resultType="edu.kosta.model.dto.ur.cart.CartDTO"
		parameterType="hashmap">
		SELECT * FROM
		(SELECT * FROM CART_PRICE ORDER BY UPDATETIME DESC)
		WHERE ROWNUM=1 AND USER_ID=#{user_id}
	</select>

	<update id="cartAmountSub" parameterType="edu.kosta.model.dto.ur.cart.CartDTO">
		UPDATE CART SET CART_AMOUNT=#{cart_amount}, TOTAL_PRICE=#{total_price}
		WHERE CART_NUM=#{cart_num} AND USER_ID=#{user_id}
	</update>
	<update id="cartAmountAdd" parameterType="edu.kosta.model.dto.ur.cart.CartDTO">
		UPDATE CART SET CART_AMOUNT=#{cart_amount}, TOTAL_PRICE=#{total_price}
		WHERE CART_NUM=#{cart_num} AND USER_ID=#{user_id}
	</update>

	<delete id="cartOneDelete" parameterType="edu.kosta.model.dto.ur.cart.CartDTO">
		DELETE FROM CART WHERE CART_NUM=#{cart_num} AND USER_ID=#{user_id}
	</delete>

	<delete id="deleteAllCart" parameterType="edu.kosta.model.dto.ur.cart.CartDTO">
		DELETE FROM CART WHERE USER_ID=#{user_id}
	</delete>
	<delete id="deleteAllCartPrice" parameterType="edu.kosta.model.dto.ur.cart.CartDTO">
		DELETE FROM CART_PRICE WHERE USER_ID=#{user_id}
	</delete>

	<select id="cartOneSelect" resultType="edu.kosta.model.dto.ur.cart.CartDTO">
		SELECT * FROM CART WHERE CART_NUM=#{cart_num} AND USER_ID=#{user_id}
		ORDER BY CART_NUM DESC
	</select>
</mapper>