<?xml version="1.0" encoding="UTF-8"?>
<!DOCTYPE mapper
		PUBLIC "-//mybatis.org//DTD Mapper 3.0//EN"
			"http://mybatis.org/dtd/mybatis-3-mapper.dtd">

<mapper namespace="com.kosta.csm.hq_Dao.Hq_IBoardDAO">
	
	<select id="boardListCount" resultType="int">
		select count(*) from board
	</select>
	
	<select id="boardListPage" resultType="com.kosta.csm.vo.BoardVO" parameterType="com.kosta.csm.vo.Criteria">
	<![CDATA[
		select B.* from (select C.*, rownum R from 
		(select b_Num, m_Id, b_Title, b_Content, b_Path1, b_Path2, TO_CHAR(b_Date, 'YYYY-MM-DD HH:mm:ss') as b_Date, 
		b_Hit, b_Important from board order by b_Important desc, b_Num desc) 
		C where rownum <= #{pageEnd}) B where R >= #{pageStart}
	]]>
	</select>
	
	<insert id="boardInsert" parameterType="com.kosta.csm.vo.BoardVO">
		insert into board(b_Num, m_Id, b_Title, b_Content, b_Path1, b_Path2, b_Important) values(board_seq_num.nextval, #{m_Id}, #{b_Title}, #{b_Content}, #{b_Path1}, #{b_Path2}, #{b_Important})
	</insert>
	
	<select id="boardContent" resultType="com.kosta.csm.vo.BoardVO">
		select b_Num, m_Id, b_Title, b_Content, b_Path1, b_Path2, TO_CHAR(b_Date, 'YYYY-MM-DD HH:mm:ss') as b_Date, 
		b_Hit, b_Important from board where b_Num=#{b_Num}
	</select>
	
	<update id="boardModify">
		update board set b_Title=#{b_Title}, b_Content=#{b_Content}, b_Path1=#{b_Path1}, b_Path2=#{b_Path2}, b_Important=#{b_Important} 
		where b_Num=#{b_Num}
	</update>
	
	<delete id="boardDelete">
		delete from board where b_Num=#{b_Num}
	</delete>

	<update id="updateReadCount">
		update board set b_Hit=b_Hit+1 where b_Num=#{b_Num}
	</update>
	
	<select id="boardSearch1" resultType="com.kosta.csm.vo.BoardVO">
		<![CDATA[
		select B.* from 
		(select C.*, rownum R from 
		(select * from board where b_Num=#{boardSearch}) 
		C where rownum <= #{cri.pageEnd}) B where R >= #{cri.pageStart}
		]]>
	</select>
	
	<select id="boardSearch2" resultType="com.kosta.csm.vo.BoardVO">
		<![CDATA[
		select B.* from 
		(select C.*, rownum R from 
		(select * from board where b_Title like #{boardSearch}) 
		C where rownum <= #{cri.pageEnd}) B where R >= #{cri.pageStart}
		]]>	
	</select>
	
	<select id="boardSearch2Count" resultType="int">
		select count(*) from board where b_Title like #{b_Title}
	</select>
</mapper>