<?xml version="1.0" encoding="UTF-8"?>
<!DOCTYPE mapper
		PUBLIC "-//mybatis.org//DTD Mapper 3.0//EN"
			"http://mybatis.org/dtd/mybatis-3-mapper.dtd">

<mapper namespace="com.kosta.csm.hq_Dao.Hq_IEmployeeDAO">
	<select id="getEmployee" resultType="com.kosta.csm.vo.EmployeeAboutStoreName">	
	<![CDATA[
		select B.* from (select C.*, rownum R from 
		(select e_Num, e_Name ,e_StartDay, e_Account ,e_Phone, e_Position, m_Store, e_Pay FROM Employee e, member m 
			where e.m_Id = m.m_Id order by e.e_Num desc) 
		C where rownum <= #{pageEnd}) B where R >= #{pageStart}
	]]>
	</select>
	
	<select id="getEmployeeCount" resultType="int">
		select count(*) from employee e, member m where e.m_Id=m.m_Id
	</select>
	
	<insert id="addEmployee">
		insert into employee(e_Num, e_Name ,e_StartDay, e_Account ,e_Phone,
			e_Position, m_Id, e_Pay) 
			values(employee_seq_num.NEXTVAL, #{e_Name} ,#{e_StartDay}, #{e_Account},
			#{e_Phone}, #{e_Position}, #{m_Id}, #{e_Pay})
	</insert>
	<update id="updateEmployeeOfNum">
		update employee set e_Pay = #{e_Pay} where e_Num = #{e_Num}
	</update>
	<update id="updateEmployeeOfPosition">
		update employee set e_Pay = #{e_Pay} where e_Position = #{e_Position}
	</update>
	<delete id="removeEmployee">
		delete employee where e_Num = #{e_Num}
	</delete>
	<update id="updateEmployee">
		update employee set e_Num=#{e_Num}, e_Name=#{e_Name} ,e_StartDay=#{e_StartDay}, e_Account=#{e_Account}
		 ,e_Phone=#{e_Phone}, e_Position=#{e_Position}, m_Id=#{m_Id}, e_Pay = #{e_Pay} 
		 where e_Num = #{e_Num}
	</update>
	
	<select id="getEmployeeOfNum" resultType="com.kosta.csm.vo.EmployeeVO">
		select * from  employee where  e_Num = #{e_Num}
	</select>
	
	<select id="maxE_num" resultType="Integer">
		select max(e_Num) from employee 
	</select>
	
	<select id ="getSameM_id" resultType = "String">
		select m.m_Id from member m, grade g where m.m_Id = g.m_Id and g.role_Name = 'ROLE_USER' and #{m_Id} = m.m_Id
	</select>
	
	<select id="employeeSearch_Num" resultType="com.kosta.csm.vo.EmployeeAboutStoreName">	
	<![CDATA[
		select B.* from (select C.*, rownum R from 
		(select e_Num, e_Name ,e_StartDay, e_Account ,e_Phone, e_Position, m_Store, e_Pay FROM Employee e, member m 
			where e.m_Id = m.m_Id and e.e_Num = #{employee}) 
		C where rownum <= #{cri.pageEnd}) B where R >= #{cri.pageStart}
	]]>
	</select>
	
	<select id="employeeSearchCount_Num" resultType="int">
		select count(*) from 
		(select e_Num, e_Name ,e_StartDay, e_Account ,e_Phone, e_Position, m_Store, e_Pay FROM Employee e, member m 
			where e.m_Id = m.m_Id and e.e_Num = #{employee})
	</select>
	
	<select id="employeeSearch_Name" resultType="com.kosta.csm.vo.EmployeeAboutStoreName">	
	<![CDATA[
		select B.* from (select C.*, rownum R from 
		(select e_Num, e_Name ,e_StartDay, e_Account ,e_Phone, e_Position, m_Store, e_Pay FROM Employee e, member m 
			where e.m_Id = m.m_Id and e.e_Name like #{employee}) 
		C where rownum <= #{cri.pageEnd}) B where R >= #{cri.pageStart}
	]]>
	</select>
	
	<select id="employeeSearchCount_Name" resultType="int">
		select count(*) from 
		(select e_Num, e_Name ,e_StartDay, e_Account ,e_Phone, e_Position, m_Store, e_Pay FROM Employee e, member m 
			where e.m_Id = m.m_Id and e.e_Name like #{employee})
	</select>
	
	<select id="setPaySearch_Num" resultType="com.kosta.csm.vo.EmployeeAboutStoreName">	
	<![CDATA[
		select B.* from (select C.*, rownum R from 
		(select e_Num, e_Name ,e_StartDay, e_Account ,e_Phone, e_Position, m_Store, e_Pay FROM Employee e, member m 
			where e.m_Id = m.m_Id and e.e_Num = #{employee}) 
		C where rownum <= #{cri.pageEnd}) B where R >= #{cri.pageStart}
	]]>
	</select>
	
	<select id="setPaySearchCount_Num" resultType="int">
		select count(*) from 
		(select e_Num, e_Name ,e_StartDay, e_Account ,e_Phone, e_Position, m_Store, e_Pay FROM Employee e, member m 
			where e.m_Id = m.m_Id and e.e_Num = #{employee})
	</select>
	
	<select id="setPaySearch_Name" resultType="com.kosta.csm.vo.EmployeeAboutStoreName">	
	<![CDATA[
		select B.* from (select C.*, rownum R from 
		(select e_Num, e_Name ,e_StartDay, e_Account ,e_Phone, e_Position, m_Store, e_Pay FROM Employee e, member m 
			where e.m_Id = m.m_Id and e.e_Name like #{employee}) 
		C where rownum <= #{cri.pageEnd}) B where R >= #{cri.pageStart}
	]]>
	</select>
	
	<select id="setPaySearchCount_Name" resultType="int">	
	<![CDATA[
		select count(*) from 
		(select e_Num, e_Name ,e_StartDay, e_Account ,e_Phone, e_Position, m_Store, e_Pay FROM Employee e, member m 
			where e.m_Id = m.m_Id and e.e_Name like #{employee})
	]]>
	</select>
</mapper>