<?xml version="1.0" encoding="UTF-8"?>
<!DOCTYPE mapper
      PUBLIC "-//mybatis.org//DTD Mapper 3.0//EN"
         "http://mybatis.org/dtd/mybatis-3-mapper.dtd">

<mapper namespace="com.kosta.csm.hq_Dao.Hq_IHeadExpendDAO">
   

   <select id="HeadExpendPerMonth" resultType="com.kosta.csm.vo.HeadExpendPerMonth">
   <![CDATA[
      select B.* from (select C.*, rownum R from (
      select sum(he_expend) as he_Expend, substr(he_date,1,7) as he_date, count(*) as count
             from headExpend 
           group by substr(he_date,1,7) order by substr(he_date,1,7) desc
           ) C where rownum <= #{pageEnd}) B where R >= #{pageStart}
   ]]>
    </select>
    
    <select id="HeadExpendPerMonthCount" resultType="int">
      select count(*) from (
      select sum(he_expend) as he_Expend, substr(he_date,1,7) as he_date, count(*) as count
             from headExpend 
           group by substr(he_date,1,7) order by substr(he_date,1,7) desc
           )
    </select>
    
   <select id="HeadExpendOfMonth" resultType="com.kosta.csm.vo.HeadExpendVO">
   <![CDATA[
      select B.* from (select C.*, rownum R from (
      select * FROM headExpend where  substr(#{ he_Date },1,7) =  substr(he_date,1,7)  order by he_date desc
      ) C where rownum <= #{cri.pageEnd}) B where R >= #{cri.pageStart}
   ]]>
   </select>
   
   <select id="HeadExpendOfMonthCount" resultType="int">
      select count(*) from (
      select * FROM headExpend where  substr(#{ he_Date },1,7) =  substr(he_date,1,7)  order by he_date desc
      )
   </select>
   
   <delete id="removeOfMonth" parameterType="String">
       delete  headExpend where substr(he_date,1,7) = #{ yearAndMonth }
   </delete>
   
   <delete  id="removeOfNum" parameterType="Integer">
       delete  headExpend where he_num = #{ he_Num }
   </delete>
   <select id="addExpend">
       insert into headExpend(he_num,he_Date,he_Content,he_ExpendDirector,he_Expend)
       values(HeadExpend_seq_num.nextval,#{he_Date},#{he_Content},#{he_ExpendDirector},#{he_Expend})
   </select>
   
   <select id="getExpendOfNum" resultType ="com.kosta.csm.vo.HeadExpendVO">
      select * from   headexpend where he_num = #{he_Num} 
   </select> 
   <update id ="updateExpend">
      update headExpend set he_date = #{he_Date}, he_Content = #{he_Content},
       he_ExpendDirector = #{he_ExpendDirector}, he_Expend =#{he_Expend} where he_Num = #{he_Num}
   </update>
   
   <select id = "expendSearch" resultType = "com.kosta.csm.vo.HeadExpendPerMonth">
   <![CDATA[
      select B.* from (select C.*, rownum R from (
      select sum(he_expend) as he_Expend, substr(he_date,1,7) as he_date, count(*) as count
             from headExpend 
           group by substr(he_date,1,7) order by substr(he_date,1,7) desc
           ) C where rownum <= #{cri.pageEnd} and C.he_date = #{date}) B where R >= #{cri.pageStart}
   ]]>
   </select>
   
   <select id = "expendSearchCount" resultType = "int">
   select count(*) from (
      select sum(he_expend) as he_Expend, substr(he_date,1,7) as he_date, count(*) as count
             from headExpend 
           group by substr(he_date,1,7) order by substr(he_date,1,7) desc
           ) where he_date = #{date}
   </select>
   
</mapper>