<?xml version="1.0" encoding="UTF-8"?>
<!DOCTYPE mapper
      PUBLIC "-//mybatis.org//DTD Mapper 3.0//EN"
         "http://mybatis.org/dtd/mybatis-3-mapper.dtd">

<mapper namespace="com.kosta.csm.hq_Dao.Hq_IIncomeDAO">
   <select id="incomePerMonth" resultType="com.kosta.csm.vo.HqIncome">
   <![CDATA[
      select B.* from (select C.*, rownum R from (
      select sum((hp_mprice-hp_oprice) * o_amount) as income, to_char(o_Date,'yyyy/mm')  
         as income_Date, count(*) as ct
         from order_List o , product p 
         where o_state = 2 and o.hp_code = p.hp_code group by to_char(o_Date,'yyyy/mm') order by to_char(o_Date,'yyyy/mm') desc
         ) C where rownum <= #{pageEnd}) B where R >= #{pageStart}
   ]]>
   </select>
   
   <select id="incomePerMonthCount" resultType="int">
      select count(*) from (
      select sum((hp_mprice-hp_oprice) * o_amount) as income, to_char(o_Date,'yyyy/mm')  
         as income_Date, count(*) as ct
         from order_List o , product p 
         where o_state = 2 and o.hp_code = p.hp_code group by to_char(o_Date,'yyyy/mm')
      )
   </select>
   
   <select id="incomeOfMonthPerStore" resultType="com.kosta.csm.vo.HqIncomeOfMonth">
   <![CDATA[
      select B.* from (select C.*, rownum R from (
      select o.m_Id, min(m_store) AS m_Store,  count(*) as ct, sum(p.hp_oprice * o_amount) as hp_Oprice,
      sum(p.hp_Mprice * o_amount) AS hp_Mprice, sum((p.hp_Mprice - p.hp_Oprice)* o_amount)  AS income
         from order_List o , product p, member m
         where o_state = 2 and o.hp_code = p.hp_code and m.m_id = o.m_id 
         and to_char(o.o_date, 'yyyy/mm') = substr(#{o_Date},1,7) group by o.m_id
         ) C where rownum <= #{cri.pageEnd}) B where R >= #{cri.pageStart}
   ]]>
   </select>
   
   <select id="incomeOfMonthPerStoreCount" resultType="int">
      select count(*) from (
      select o.m_Id, min(m_store) AS m_Store,  count(*) as ct, sum(p.hp_oprice * o_amount) as hp_Oprice,
      sum(p.hp_Mprice * o_amount) AS hp_Mprice, sum((p.hp_Mprice - p.hp_Oprice)* o_amount)  AS income
         from order_List o , product p, member m
         where o_state = 2 and o.hp_code = p.hp_code and m.m_id = o.m_id 
         and to_char(o.o_date, 'yyyy/mm') = substr(#{o_Date},1,7) group by o.m_id
      )
   </select>
   
   <select id="incomeOfMonthPerDay" resultType="com.kosta.csm.vo.HqIncomeOfMonth">
   <![CDATA[
      select B.* from (select C.*, rownum R from (
         select to_char(o.o_date, 'yyyy/mm/dd') as income_Date, count(*) as ct, sum(p.hp_oprice * o_amount) as hp_Oprice,
      sum(p.hp_Mprice * o_amount) AS hp_Mprice, sum((p.hp_Mprice - p.hp_Oprice)* o_amount)  AS income
         from order_List o , product p
         where o_state = 2 and o.hp_code = p.hp_code
         and to_char(o.o_date, 'yyyy/mm') = substr(#{o_Date},1,7)  group by to_char(o.o_date, 'yyyy/mm/dd') order by to_char(o.o_date, 'yyyy/mm/dd') desc
         ) C where rownum <= #{cri.pageEnd}) B where R >= #{cri.pageStart}
   ]]>
   </select>
   
   <select id="incomeOfMonthPerDayCount" resultType="int">
      select count(*) from (
         select to_char(o.o_date, 'yyyy/mm/dd') as income_Date, count(*) as ct, sum(p.hp_oprice * o_amount) as hp_Oprice,
      sum(p.hp_Mprice * o_amount) AS hp_Mprice, sum((p.hp_Mprice - p.hp_Oprice)* o_amount)  AS income
         from order_List o , product p
         where o_state = 2 and o.hp_code = p.hp_code
         and to_char(o.o_date, 'yyyy/mm') = substr(#{o_Date},1,7)  group by to_char(o.o_date, 'yyyy/mm/dd') order by to_char(o.o_date, 'yyyy/mm/dd') desc
         )
   </select>
   
   <select id="incomePerStoreDetail" resultType="com.kosta.csm.vo.HqIncomeOfMonth">
   <![CDATA[
      select B.* from (select C.*, rownum R from (
            select min(m.m_Id)as m_Id,  min(m_Store)as m_Store, sum(p.hp_oprice * o_amount) as hp_Oprice ,  sum(hp_Mprice* o_amount)  as hp_Mprice
       ,sum((p.hp_Mprice - p.hp_Oprice)* o_amount)  AS income, to_char(o.o_date, 'yyyy/mm/dd') as income_Date
         from order_List o , product p, member m
         where o_state = 2 and o.hp_code = p.hp_code and m.m_id = o.m_id 
         and to_char(o.o_date, 'yyyy/mm') =  substr(#{income_Date},1,7) and  m.m_id = #{m_Id}
         group by to_char(o.o_date, 'yyyy/mm/dd')
         ) C where rownum <= #{cri.pageEnd}) B where R >= #{cri.pageStart}
   ]]>
   </select>
   <select id="incomePerStoreDetailCount" resultType="int">
      select count(*) from (
            select min(m.m_Id)as m_Id,  min(m_Store)as m_Store, sum(p.hp_oprice * o_amount) as hp_Oprice ,  sum(hp_Mprice* o_amount)  as hp_Mprice
       ,sum((p.hp_Mprice - p.hp_Oprice)* o_amount)  AS income, to_char(o.o_date, 'yyyy/mm/dd') as income_Date
         from order_List o , product p, member m
         where o_state = 2 and o.hp_code = p.hp_code and m.m_id = o.m_id 
         and to_char(o.o_date, 'yyyy/mm') =  substr(#{income_Date},1,7) and  m.m_id = #{m_Id}
         group by to_char(o.o_date, 'yyyy/mm/dd')
         )
   </select>
   
   <select id="incomePerDayDetail" resultType="com.kosta.csm.vo.HqIncomeOfMonth">
   <![CDATA[
      select B.* from (select C.*, rownum R from (
            select min(to_char(o.o_date, 'yyyy/mm/dd')) as income_Date,  sum(p.hp_oprice * o_amount) as hp_Oprice,
            o.m_id as m_id , min(m.m_store) as  m_store
          ,sum(p.hp_Mprice * o_amount) AS hp_Mprice, sum((p.hp_Mprice - p.hp_Oprice)* o_amount)  AS income 
         from order_List o , product p, member m
         where o_state = 2 and o.hp_code = p.hp_code and m.m_id = o.m_id
         and to_char(o.o_date, 'yyyy/mm/dd') =#{income_Date} group by  o.m_id order by o.m_id asc
         ) C where rownum <= #{cri.pageEnd}) B where R >= #{cri.pageStart}
   ]]>
   </select>
   
   <select id="incomePerDayDetailCount" resultType="int">
      select count(*) from (
            select min(to_char(o.o_date, 'yyyy/mm/dd')) as income_Date,  sum(p.hp_oprice * o_amount) as hp_Oprice,
            o.m_id as m_id , min(m.m_store) as  m_store
          ,sum(p.hp_Mprice * o_amount) AS hp_Mprice, sum((p.hp_Mprice - p.hp_Oprice)* o_amount)  AS income 
         from order_List o , product p, member m
         where o_state = 2 and o.hp_code = p.hp_code and m.m_id = o.m_id
         and to_char(o.o_date, 'yyyy/mm/dd') =#{income_Date} group by  o.m_id order by o.m_id asc
         )
   </select>

   <select id="allOfStoreMonthIncome" resultType="com.kosta.csm.vo.HqIncomeOfMonth">
            select m.m_Id, m_Store, (p.hp_oprice * o_amount) as hp_Oprice ,  (hp_Mprice* o_amount)  as hp_Mprice
       ,((p.hp_Mprice - p.hp_Oprice)* o_amount)  AS income, o.o_date as income_Date
         from order_List o , product p, member m
         where o_state = 2 and o.hp_code = p.hp_code and m.m_id = o.m_id 
         and to_char(o.o_date, 'yyyy/mm') =  substr(#{income_Date},1,7) and  m.m_id =#{m_Id}
         order by o_date desc
         
   </select>
   <select id="allOfdayIncome" resultType="com.kosta.csm.vo.HqIncomeOfMonth">
   select to_char(o.o_date, 'yyyy/mm/dd') as income_Date,  p.hp_oprice * o_amount as hp_Oprice, m.m_id ,m.m_store 
      ,p.hp_Mprice * o_amount AS hp_Mprice, (p.hp_Mprice - p.hp_Oprice)* o_amount  AS income 
         from order_List o , product p, member m
         where o_state = 2 and o.hp_code = p.hp_code and m.m_id = o.m_id
         and to_char(o.o_date, 'yyyy/mm/dd') =#{income_Date}  order by o.m_id desc
   </select>
      
   <select id = "incomeSearch" resultType= "com.kosta.csm.vo.HqIncome">
   <![CDATA[
      select B.* from (select C.*, rownum R from (
      select sum((hp_mprice-hp_oprice) * o_amount) as income, to_char(o_Date,'yyyy/mm')  
         as income_Date, count(*) as ct
         from order_List o , product p 
         where o_state = 2 and o.hp_code = p.hp_code group by to_char(o_Date,'yyyy/mm')
         ) C where rownum <= #{cri.pageEnd} and c.income_Date = #{date} ) B where R >= #{cri.pageStart}
   ]]>
   </select>
   
   <select id ="incomeSearchCount" resultType ="int">
   select count(*) from (
      select sum((hp_mprice-hp_oprice) * o_amount) as income, to_char(o_Date,'yyyy/mm')  
         as income_Date, count(*) as ct
         from order_List o , product p 
         where o_state = 2 and o.hp_code = p.hp_code  group by to_char(o_Date,'yyyy/mm')
      ) where income_Date = #{date}
   </select>
      
</mapper>




