<?xml version="1.0" encoding="UTF-8"?>
<!DOCTYPE mapper
		PUBLIC "-//mybatis.org//DTD Mapper 3.0//EN"
			"http://mybatis.org/dtd/mybatis-3-mapper.dtd">

<mapper namespace="com.kosta.csm.hq_Dao.Hq_IMemberDAO">

	<select id="approvalList" resultType="com.kosta.csm.vo.MemberVO">
		<![CDATA[
		select B.* from (select C.*, rownum R from (select * from member where m_state = 0) C where rownum <= #{pageEnd}) B where R >= #{pageStart}
		]]>
	</select>

	<select id="approvalListCount" resultType="int">
		select count(*) from
		member where m_state = 0
	</select>

	<select id="indexApprovalList" resultType="com.kosta.csm.vo.MemberVO">
		<![CDATA[
		select B.* from (select C.*, rownum R from (select * from member where m_state = 0) C where rownum <= #{m_PageEnd}) B where R >= #{m_PageStart}
		]]>
	</select>

	<select id="indexApprovalListCount" resultType="int">
		select count(*)
		from member where m_state = 0
	</select>

	<update id="updateState" parameterType="String">
		update member set m_state
		= 1 where m_id = #{m_Id}
	</update>

	<insert id="insertGrade" parameterType="String">
		insert into grade
		values(#{m_Id}, 'ROLE_USER')
	</insert>
	
	<insert id="insertGradeHq">
		insert into grade values(#{m_Id}, 'ROLE_ADMIN')
	</insert>
	
	<select id="selectM_Store" resultType="String">
		select m_Store from member where m_Id=#{m_Id}
	</select>

	<select id="modify" resultType="String">
		select m_Pwd from member where
		m_Id=#{m_Id}
	</select>

	<select id="check" resultType="String">
		select m_Pwd from member where
		m_Id=#{m_Id}
	</select>

	<update id="memberModify" parameterType="com.kosta.csm.vo.MemberVO">
		update member set
		m_Store=#{m_Store}, m_Phone1=#{m_Phone1}, m_Phone2=#{m_Phone2},
		m_Email=#{m_Email},
		m_Location1=#{m_Location1},m_Location2=#{m_Location2} where
		m_Id=#{m_Id}
	</update>

	<update id="pwdModify" parameterType="com.kosta.csm.vo.MemberVO">
		update member set
		m_Pwd=#{m_Pwd} where m_Id=#{m_Id}
	</update>

	<delete id="memberLeave" parameterType="com.kosta.csm.vo.MemberVO">
		delete from member where
		m_Id=#{m_Id}
	</delete>

	<select id="searchById" parameterType="String"
		resultType="com.kosta.csm.vo.MemberVO">
		select * from member where m_Id = #{m_Id}
	</select>
	
	<delete id="mstateDelete" parameterType="String">
		delete from member where m_Id=#{m_Id}
	</delete>

</mapper>