<?xml version="1.0" encoding="UTF-8"?>
<!DOCTYPE mapper
		PUBLIC "-//mybatis.org//DTD Mapper 3.0//EN"
			"http://mybatis.org/dtd/mybatis-3-mapper.dtd">

<mapper namespace="com.kosta.csm.hq_Dao.Hq_IOrderListDAO">

	<select id="approvalListCount" resultType="int">
		select count(*) from order_list where o_state = 0
	</select>
	
	<select id="indexApprovalList" resultType="com.kosta.csm.vo.OrderList_MemberVO">
		<![CDATA[
		select B.* from (select C.*, rownum R from 
		(SELECT DISTINCT o.m_Id, m.m_Store, TO_CHAR(o.o_Date, 'YYYY-MM-DD') as o_Date 
		FROM order_List o, member m where m.m_id=o.m_id and o.o_state=0 order by o.m_Id) 
		C where rownum <= #{o_PageEnd}) B where R >= #{o_PageStart}
		]]>
	</select>
	
	<select id="indexApprovalListCount" resultType="int">
		select count(*) from 
		(SELECT DISTINCT o.m_Id, m.m_Store, TO_CHAR(o.o_Date, 'YYYY-MM-DD') as o_Date 
		FROM order_List o, member m where m.m_id=o.m_id and o.o_state=0 order by o.m_Id) 
	</select>
	
	<select id="completeListCount" resultType="int">
		select count(*) from order_list where o_state = 1
	</select>

	<update id="cancelStates">
		update order_list set o_state = 0 where m_Id=#{m_Id} and TO_CHAR(o_Date, 'YYYY-MM-DD')=#{o_Date}
	</update>

	<update id="updateStates">
		update order_list set o_state = 1 where o_Num = #{o_Num}
	</update>
	
	<delete id="orderDelete">
		delete from order_list where o_Num = #{o_Num}
	</delete>
	
	<select id="getCodeAmount" resultType="com.kosta.csm.vo.OrderListVO">
		select o_Num from order_List where o_state = 0 and m_Id = #{m_Id} and TO_CHAR(o_Date, 'YYYY-MM-DD')=#{o_Date}
	</select>
	
	<select id="getCodeAmount2" resultType="com.kosta.csm.vo.StStockVO">
		select s.m_Id, s.hp_Code, o.o_amount as st_Amount from st_stock s, order_List o where s.m_Id=o.m_Id and s.hp_Code = o.hp_Code and o.o_state = 1 and o.m_Id = #{m_Id} and TO_CHAR(o.o_Date, 'YYYY-MM-DD')=#{o_Date}
	</select>
	
	
	
	<select id="orderApprovalList" resultType="com.kosta.csm.vo.OrderList_MemberVO">
		<![CDATA[
		select B.* from (select C.*, rownum R from 
		(SELECT DISTINCT o.m_Id, m.m_Store, TO_CHAR(o.o_Date, 'YYYY-MM-DD') as o_Date 
		FROM order_List o, member m where m.m_id=o.m_id and o.o_state=0 order by o_Date asc) 
		C where rownum <= #{pageEnd}) B where R >= #{pageStart}
		]]>
	</select>
	
	<select id="orderApprovalDetail" resultType="com.kosta.csm.vo.OrderList_ProductVO_2">
		select o.o_Num, o.hp_Code, o.m_Id, o.o_Amount, o.o_Date, o.o_State, p.hp_Name, p.hp_Oprice, p.hp_Mprice, p.hp_Cprice 
		from order_List o, product p where o.hp_Code = p.hp_Code and m_id = #{m_Id} and o.o_state=0 and TO_CHAR(o_date,'YYYY-MM-DD') = #{o_Date}
	</select>
	
	<select id="orderCompleteList" resultType="com.kosta.csm.vo.OrderList_MemberVO">
		<![CDATA[
		select B.* from (select C.*, rownum R from (SELECT DISTINCT o.m_Id, m.m_Store, TO_CHAR(o.o_Date, 'YYYY-MM-DD') as o_Date 
		FROM order_List o, member m where m.m_id=o.m_id and o.o_state=1 order by o_Date) C where rownum <= #{pageEnd}) B where R >= #{pageStart}
		]]>
	</select>
	
	<select id="orderCompleteDetail" resultType="com.kosta.csm.vo.OrderList_ProductVO_2">
		select o.o_Num, o.hp_Code, o.m_Id, o.o_Amount, o.o_Date, o.o_State, p.hp_Name, p.hp_Oprice, p.hp_Mprice, p.hp_Cprice 
		from order_List o, product p where o.hp_Code = p.hp_Code and m_id = #{m_Id} and o.o_state=1 and TO_CHAR(o_date,'YYYY-MM-DD') = #{o_Date}
	</select>
	
	<select id="orderCompleteListCount" resultType="int">
		SELECT DISTINCT count(DISTINCT o.m_Id)
			FROM order_List o, member m where m.m_id=o.m_id and o.o_state=1 order by o.m_Id
	</select>
	
	<select id="orderFinishList" resultType="com.kosta.csm.vo.OrderList_MemberVO">
		<![CDATA[
		select B.* from (select C.*, rownum R from 
		(SELECT DISTINCT o.m_Id, m.m_Store, TO_CHAR(o.o_Date, 'YYYY-MM-DD') as o_Date 
		FROM order_List o, member m where m.m_id=o.m_id and o.o_state=2 order by o_Date desc) 
		C where rownum <= #{pageEnd}) B where R >= #{pageStart}
		]]>
	</select>
	
	<select id="orderFinishListCount" resultType="int">
		SELECT DISTINCT count(DISTINCT o.m_Id)
			FROM order_List o, member m where m.m_id=o.m_id and o.o_state=2 order by o.m_Id
	</select>
	
	<select id="orderFinishListDetail" resultType="com.kosta.csm.vo.OrderList_ProductVO_2">
		select o.o_Num, o.hp_Code, o.m_Id, o.o_Amount, o.o_Date, o.o_State, p.hp_Name, p.hp_Oprice, p.hp_Mprice, p.hp_Cprice 
		from order_List o, product p where o.hp_Code = p.hp_Code and m_id = #{m_Id} and o.o_state=2 and TO_CHAR(o_date,'YYYY-MM-DD') = #{o_Date}
	</select>
	
	<update id="finishStStock">
		update st_stock set st_Amount = st_Amount+#{st_Amount} where m_Id=#{m_Id} and hp_Code=#{hp_Code}
	</update>
	
	<update id="finishHqStock">
		update hq_stock set hp_Amount = hp_Amount-#{st_Amount} where hp_Code=#{hp_Code}
	</update>
	
	<update id="ostateFinish">
		update order_list set o_state = 2 where o_Num = #{o_Num}
	</update>
	
	<update id="ostateApproval">
		update order_list set o_state = 0 where o_Num = #{o_Num}
	</update>
	
	<select id="getCodeHp_Code" resultType="com.kosta.csm.vo.OrderListVO">
		select o_Num from order_List where o_state = 1 and m_Id = #{m_Id} and TO_CHAR(o_Date, 'YYYY-MM-DD')=#{o_Date}
	</select>
	
	
</mapper>