<?xml version="1.0" encoding="UTF-8"?>
<!DOCTYPE mapper
		PUBLIC "-//mybatis.org//DTD Mapper 3.0//EN"
			"http://mybatis.org/dtd/mybatis-3-mapper.dtd">

<mapper namespace="com.kosta.csm.hq_Dao.Hq_IPayDAO">
	<insert id="addPay">
		insert into pay(p_Num, p_pay, e_num, p_Date) values(pay_seq_num.NEXTVAL, #{e_Pay}, #{e_Num}, #{e_StartDay})
	</insert>
	<update id="updatePayOfE_Num">
		update (
			select p.p_pay as pay  from employee e , pay p 
			where e.e_num = p.e_num and e.e_Num =#{e_Num} and substr(to_char(sysdate,'yyyy/mm'),1,7) = substr(p_date,1,7)
		)
		set pay = #{e_Pay}
	</update>
	<update id="updatePayOfE_Position">
		update (
			select p.p_pay as pay  from employee e , pay p 
			where e.e_num = p.e_num and e.e_position = #{e_Position} and to_char(sysdate,'yyyy/mm') = substr(p_date,1,7)
		)
		set pay = #{e_Pay}
	</update>
	
	<select id ="getPayOfE_Position" resultType ="com.kosta.csm.vo.PayVO">
		select e.e_num as e_Num , max(p.p_date) as p_Date
		from pay p, employee e 
		where e.e_Position = #{e_Position} and e.e_num = p.e_num 
		group by e.e_num
	</select>
	
	<select id ="getPayOfE_Num" resultType ="com.kosta.csm.vo.PayVO">
		select p.e_Num, p.p_Date from pay p,
		(select max(p_date) as p_date , e_Num from pay where e_Num = #{e_Num} group by e_num)  t 
		where substr(p.p_date,1,7) = substr(t.p_date,1,7) and
		p.e_num = t.e_num
	</select>
	
	<insert id="insertPay">
	  insert into pay(p_num, e_num, p_pay, p_Date) values(Pay_seq_num.NEXTVAL,#{e_Num},#{p_Pay},#{p_Date}) 
	</insert>
		
	
</mapper>