<?xml version="1.0" encoding="UTF-8"?>
<!DOCTYPE mapper
		PUBLIC "-//mybatis.org//DTD Mapper 3.0//EN"
			"http://mybatis.org/dtd/mybatis-3-mapper.dtd">
			
<mapper namespace="com.kosta.csm.hq_Dao.Hq_IProductDAO">

	<select id="listCount" resultType="int">
		select count(*) from product where hp_State = 1
	</select>

	<select id="list" resultType="com.kosta.csm.vo.ProductVO">
		<![CDATA[
		select B.* from (select C.*, rownum R from (select * from product where hp_State = 1 order by hp_Code desc) C where rownum <= #{pageEnd}) B where R >= #{pageStart}
		]]>
	</select>
	
	<insert id="insert">
		insert into product (hp_code, hp_name, hp_path, hp_oprice, hp_mprice, hp_cprice, hp_category, hp_Manufacturer, hp_ExpirationDate, hp_Weight) 
		values (#{hp_Code}, #{hp_Name}, #{hp_Path}, #{hp_Oprice}, #{hp_Mprice}, #{hp_Cprice}, #{hp_Category}, #{hp_Manufacturer}, #{hp_ExpirationDate}, #{hp_Weight})
	</insert>
	
	<insert id="insertHq_Stock">
		insert into hq_Stock (hp_Code, hp_Amount) values(#{hp_Code}, 0)
	</insert>
	
	<select id="detail" resultType="com.kosta.csm.vo.ProductVO">
		select * from product where hp_Code=#{hp_Code}
	</select>
	
	<delete id="delete">
		delete from product where hp_Code=#{hp_Code}
	</delete>
	
	<select id="selectAll" resultType="com.kosta.csm.vo.ProductVO">
		select * from product where hp_Code=#{hp_Code}
	</select>
	
	<update id="modify">
		update product set hp_Name=#{hp_Name}, hp_Path=#{hp_Path}, hp_Oprice=#{hp_Oprice}, hp_Mprice=#{hp_Mprice}, 
		hp_Cprice=#{hp_Cprice}, hp_Category=#{hp_Category}, hp_Manufacturer=#{hp_Manufacturer}, hp_ExpirationDate=#{hp_ExpirationDate}, hp_Weight=#{hp_Weight} where hp_Code=#{hp_Code}
	</update>
	
	<select id="duplicationCheck" resultType="int">
		select count(*) from PRODUCT where hp_Code=#{hp_Code}
	</select>
	
	<update id="stateChange_0">
		update product set hp_State=0 where hp_Code=#{hp_Code}
	</update>
	
	<select id="susListCount" resultType="int">
		select count(*) from product where hp_State = 0
	</select>

	<select id="susList" resultType="com.kosta.csm.vo.ProductVO">
		<![CDATA[
		select B.* from (select C.*, rownum R from (select * from product where hp_State = 0 order by hp_Code desc) C where rownum <= #{pageEnd}) B where R >= #{pageStart}
		]]>
	</select>
	
	<update id="stateChange_1">
		update product set hp_State=1 where hp_Code=#{hp_Code}
	</update>
	
	
	<select id="productListSearch_hp_Code" resultType="com.kosta.csm.vo.ProductVO">
		<![CDATA[
		select B.* from (select C.*, rownum R from (select * from product where hp_Code = #{productSearch} and hp_State = 1 order by hp_Code desc) C where rownum <= #{cri.pageEnd}) B where R >= #{cri.pageStart}
		]]>
	</select>
	
	<select id="productListSearchCount_hp_Name" resultType="int">
		select count(*) from product where hp_Name like #{productSearch} and hp_State = 1
	</select>

	<select id="productListSearch_hp_Name" resultType="com.kosta.csm.vo.ProductVO">
		<![CDATA[
		select B.* from (select C.*, rownum R from (select * from product where hp_Name like #{productSearch} and hp_State = 1 order by hp_Code desc) C where rownum <= #{cri.pageEnd}) B where R >= #{cri.pageStart}
		]]>
	</select>
	
	<select id="search_CategoryCount" resultType="int">
		select count(*) from product where hp_Category = #{category} and hp_State = 1
	</select>

	<select id="search_Category" resultType="com.kosta.csm.vo.ProductVO">
		<![CDATA[
		select B.* from (select C.*, rownum R from (select * from product where hp_Category = #{category} and hp_State = 1 order by hp_Code desc) C where rownum <= #{cri.pageEnd}) B where R >= #{cri.pageStart}
		]]>
	</select>
	
	
	<select id="productSusListSearch_hp_Code" resultType="com.kosta.csm.vo.ProductVO">
		<![CDATA[
		select B.* from (select C.*, rownum R from (select * from product where hp_Code = #{productSearch} and hp_State = 0 order by hp_Code desc) C where rownum <= #{cri.pageEnd}) B where R >= #{cri.pageStart}
		]]>
	</select>
	
	<select id="productSusListSearchCount_hp_Name" resultType="int">
		select count(*) from product where hp_Name like #{productSearch} and hp_State = 0
	</select>

	<select id="productSusListSearch_hp_Name" resultType="com.kosta.csm.vo.ProductVO">
		<![CDATA[
		select B.* from (select C.*, rownum R from (select * from product where hp_Name like #{productSearch} and hp_State = 0 order by hp_Code desc) C where rownum <= #{cri.pageEnd}) B where R >= #{cri.pageStart}
		]]>
	</select>
	
	<select id="searchSus_CategoryCount" resultType="int">
		select count(*) from product where hp_Category = #{category} and hp_State = 0
	</select>

	<select id="searchSus_Category" resultType="com.kosta.csm.vo.ProductVO">
		<![CDATA[
		select B.* from (select C.*, rownum R from (select * from product where hp_Category = #{category} and hp_State = 0 order by hp_Code desc) C where rownum <= #{cri.pageEnd}) B where R >= #{cri.pageStart}
		]]>
	</select>
	
</mapper>