<?xml version="1.0" encoding="UTF-8"?>
<!DOCTYPE mapper
      PUBLIC "-//mybatis.org//DTD Mapper 3.0//EN"
         "http://mybatis.org/dtd/mybatis-3-mapper.dtd">
         
<mapper namespace="com.kosta.csm.hq_Dao.Hq_IStoreDAO">
   <select id="storePresentCondition" resultType="com.kosta.csm.vo.MemberVO">
      <![CDATA[
      select B.* from (select C.*, rownum R from (select m.* from member m, grade g where m.m_Id = g.m_Id and g.role_Name = 'ROLE_USER' order by m.m_Id desc) C where rownum <= #{pageEnd}) B where R >= #{pageStart}
      ]]>
   </select>
   
   <select id="storePresentConditionCount" resultType="int">
      select count(*) from member m, grade g where m.m_Id = g.m_Id and g.role_Name = 'ROLE_USER'
   </select>
   
   <select id="storeSearch" parameterType="com.kosta.csm.vo.MemberVO" resultType="com.kosta.csm.vo.MemberVO">
      <![CDATA[
      select B.* from (select C.*, rownum R from (select m.* from member m, grade g where m.m_Id = g.m_Id and g.role_Name = 'ROLE_USER' and m.m_Store like #{m_Store} order by m.m_Id desc) C where rownum <= #{cri.pageEnd}) B where R >= #{cri.pageStart}
      ]]>
   </select>
   
   <select id="storeSearchCount" parameterType="com.kosta.csm.vo.MemberVO" resultType="int">
      select count(*) from member m, grade g where m.m_Id = g.m_Id and g.role_Name = 'ROLE_USER' and m.m_Store like #{m_Store} order by m.m_Id desc
   </select>
   
   <delete id="storeDelete" parameterType="com.kosta.csm.vo.MemberVO">
      delete from member where m_Id=#{m_Id}
   </delete>
   
   <select id="salesStatus" resultType="Integer">
      select sum(s.si_Sale) / (select count(*) from member where m_Location1=#{location} and m_Store != '본사' and m_State=1)
      from member m, STOREINCOME s
      where m.m_Id = s.m_Id and s.si_Date like TO_CHAR(ADD_MONTHS(sysdate,-1),'YYYY/MM/%') group by m.m_Location1 having m.m_Location1 = #{location}
   </select>
   
   <select id="salesStatusRank" resultType="com.kosta.csm.vo.salesStatusRankVO">
      <![CDATA[
      select a.* from (select m.m_Store, sum(s.si_Sale) as si_Sale
      from member m, STOREINCOME s
      where m.m_Id = s.m_Id and s.si_Date like TO_CHAR(ADD_MONTHS(sysdate,-1),'YYYY/MM/%') and m.m_Location1=#{location} group by m.m_store) a where rownum <= 3  order by a.si_Sale desc
      ]]>
   </select>
   
   <select id="salesStatusDay" resultType="Integer">
      select sum(s.si_Sale) / (select count(*) from member where m_Location1=#{location} and m_Store != '본사' and m_State=1)
      from member m, STOREINCOME s
      where m.m_Id = s.m_Id and s.si_Date like #{day} group by m.m_Location1 having m.m_Location1 = #{location}
   </select>
   
   <select id="salesStatusRankDay" resultType="com.kosta.csm.vo.salesStatusRankVO">
      <![CDATA[
      select a.* from (select m.m_Store, sum(s.si_Sale) as si_Sale
      from member m, STOREINCOME s
      where m.m_Id = s.m_Id and s.si_Date like #{day} and m.m_Location1=#{location} group by m.m_store) a where rownum <= 3 order by a.si_Sale desc
      ]]>
   </select>
</mapper>