<?xml version="1.0" encoding="UTF-8"?>
<!DOCTYPE mapper
		PUBLIC "-//mybatis.org//DTD Mapper 3.0//EN"
			"http://mybatis.org/dtd/mybatis-3-mapper.dtd">
			
<mapper namespace="com.kosta.csm.hq_Dao.Hq_IStockDAO">

	<select id="stockList" resultType="com.kosta.csm.vo.HqStockList">  
		<![CDATA[
		select B.* from (select C.*, rownum R from (select p.hp_Code, p.hp_Name, p.hp_Oprice, p.hp_Mprice, p.hp_Cprice, p.hp_Path, s.hp_Amount from product p, hq_stock s where s.hp_Code=p.hp_Code order by p.hp_Code desc) C where rownum <= #{pageEnd}) B where R >= #{pageStart}
		]]>
	</select>
	
	<select id="stockListCount" resultType="int">
		select count(*) from product p, hq_stock s where s.hp_Code=p.hp_Code
	</select>
	
	<select id="stockListDetail" resultType="com.kosta.csm.vo.ProductVO">
		<![CDATA[
		select B.* from (select C.*, rownum R from (select p.* from product p, hq_stock s where s.hp_Code=p.hp_Code order by p.hp_Code desc) C where rownum <= #{pageEnd}) B where R >= #{pageStart}
		]]>
	</select>
	
	<update id="modify">
		update hq_stock set hp_Amount=#{hp_Amount} where hp_Code=#{hp_Code}
	</update>
	
	<select id="stockListSearch_hp_Code" resultType="com.kosta.csm.vo.HqStockList">  
		<![CDATA[
		select B.* from (select C.*, rownum R from (select p.hp_Code, p.hp_Name, p.hp_Oprice, p.hp_Mprice, p.hp_Cprice, p.hp_Path, s.hp_Amount from product p, hq_stock s where s.hp_Code=p.hp_Code and p.hp_Code = #{productSearch} order by p.hp_Code desc) C where rownum <= #{cri.pageEnd}) B where R >= #{cri.pageStart}
		]]>
	</select>
	
	<select id="stockListSearch_hp_Name" resultType="com.kosta.csm.vo.HqStockList">  
		<![CDATA[
		select B.* from (select C.*, rownum R from (select p.hp_Code, p.hp_Name, p.hp_Oprice, p.hp_Mprice, p.hp_Cprice, p.hp_Path, s.hp_Amount from product p, hq_stock s where s.hp_Code=p.hp_Code and p.hp_Name like #{productSearch} order by p.hp_Code desc) C where rownum <= #{cri.pageEnd}) B where R >= #{cri.pageStart}
		]]>
	</select>
	
	<select id="stockListSearchCount_hp_Name" resultType="int">  
		<![CDATA[
		select count(*) from product p, hq_stock s where s.hp_Code=p.hp_Code and p.hp_Name like #{productSearch}
		]]>
	</select>
	
	<select id="stockListSearchDetail_hp_Code" resultType="com.kosta.csm.vo.ProductVO">
		<![CDATA[
		select B.* from (select C.*, rownum R from (select p.* from product p, hq_stock s where s.hp_Code=p.hp_Code and p.hp_Code = #{productSearch} order by p.hp_Code desc) C where rownum <= #{cri.pageEnd}) B where R >= #{cri.pageStart}
		]]>
	</select>
	
	<select id="stockListSearchDetail_hp_Name" resultType="com.kosta.csm.vo.ProductVO">
		<![CDATA[
		select B.* from (select C.*, rownum R from (select p.* from product p, hq_stock s where s.hp_Code=p.hp_Code and p.hp_Name like #{productSearch} order by p.hp_Code desc) C where rownum <= #{cri.pageEnd}) B where R >= #{cri.pageStart}
		]]>
	</select>
	
	<select id="stockModifyView" resultType="com.kosta.csm.vo.HqStockList">
		select p.hp_Code, p.hp_Name, p.hp_Oprice, p.hp_Mprice, p.hp_Cprice, p.hp_Path, s.hp_Amount from product p, hq_stock s where s.hp_Code=p.hp_Code and p.hp_Code = #{hp_Code}
	</select>
	
</mapper>