<?xml version="1.0" encoding="UTF-8"?>
<!DOCTYPE mapper
		PUBLIC "-//mybatis.org//DTD Mapper 3.0//EN"
			"http://mybatis.org/dtd/mybatis-3-mapper.dtd">

<mapper namespace="com.kosta.csm.hq_Dao.Hq_IWorkingTimeDAO">
	<select id="getWorkingTime" resultType="com.kosta.csm.vo.WorkingTimeMore">
		<![CDATA[
			select B.* from (select C.*, rownum R from 
			(select wt_Num,  e.e_Name ,to_char(wt_StartTime,'yyyy/mm/dd hh:mi') as wt_StartTime, 
			 to_char(wt_EndTime,'yyyy/mm/dd hh:mi') as wt_EndTime, 
			 e.m_Id  as m_Id, m.m_Store as m_Store, e.e_Phone as e_Phone ,e.e_Num as e_Num
		 	 from  employee e, member m, workingTime w where e.m_Id = m.m_Id and  w.e_Num = e.e_Num 
			 and e.e_Position ='아르바이트' order by wt_StartTime desc) 
			C where rownum <= #{pageEnd}) B where R >= #{pageStart}
		]]>
	</select>
	
	<select id="getWorkingTimeCount" resultType="int">
		select count(*) from employee e, member m, workingTime w where e.m_Id=m.m_Id and 
		w.e_Num=e.e_Num and e.e_Position = '아르바이트'
	</select>
	
	<!--아르바이트생급여계싼-->
	<select id="getPayPerMonth" resultType="com.kosta.csm.vo.WorkingTimePerMonth">
		<![CDATA[
			select B.* from (select C.*, rownum R from 
			(
			
				select t1.month, t1.e_Num , t1.ct, t1.m_id AS m_Id, round(t1.workMinuteSum) as workMinuteSum,
				round(t1.workMinuteSum/60 , 1) as workHourSum, m.m_Store as m_Store, t1.e_position  , p.p_pay as e_Pay
				from(
					select to_char(wt_StartTime, 'yyyy/mm') as month, max(m_id) as m_id, 
					 		e_Num, count(*) as ct, sum(workMinute ) as workMinuteSum,  min(e_Position) as e_Position
				    from
				    	(
				    		select  wt_StartTime , wt_EndTime,to_char((wt_EndTime - wt_StartTime)*60*24)
						  	as workMinute, e.e_Num as e_Num, e.m_id as m_id ,e.e_Position as e_Position
							from  employee e, workingTime w where w.e_Num = e.e_Num and e_Position='아르바이트'
						) 
				group by to_char(wt_StartTime, 'yyyy/mm'), e_Num) t1, member m , pay p
				where m.m_id = t1.m_id and p.e_Num = t1.e_Num and p.p_date = 
					(select max(p_date) from  pay where e_num =  t1.e_Num and p_date <= t1.month group by e_num)
				order by t1.month desc
			
			) 
			C where rownum <= #{pageEnd}) B where R >= #{pageStart}		
		]]>
	</select>
	
	<select id="getPayPerMonthCount" resultType="int">
	<![CDATA[
		select count(*) from 
		(
		
				select t1.month, t1.e_Num , t1.ct, t1.m_id AS m_Id, round(t1.workMinuteSum) as workMinuteSum,
				round(t1.workMinuteSum/60 , 1) as workHourSum, m.m_Store as m_Store, t1.e_position  , p.p_pay as e_Pay
				from(
					select to_char(wt_StartTime, 'yyyy/mm') as month, max(m_id) as m_id, 
					 		e_Num, count(*) as ct, sum(workMinute ) as workMinuteSum,  min(e_Position) as e_Position
				    from
				    	(
				    		select  wt_StartTime , wt_EndTime,to_char((wt_EndTime - wt_StartTime)*60*24)
						  	as workMinute, e.e_Num as e_Num, e.m_id as m_id ,e.e_Position as e_Position
							from  employee e, workingTime w where w.e_Num = e.e_Num and e_Position='아르바이트'
						) 
				group by to_char(wt_StartTime, 'yyyy/mm'), e_Num) t1, member m , pay p
				where m.m_id = t1.m_id and p.e_Num = t1.e_Num and p.p_date = 
					(select max(p_date) from  pay where e_num =  t1.e_Num and p_date <= t1.month group by e_num)
				order by t1.month desc
		
		)
		]]>
	</select>
	
	<!--점장급여-->
	<select id="getSalaryPerMonth" resultType="com.kosta.csm.vo.WorkingTimePerMonth">
	<![CDATA[			
		select B.* from (select C.*, rownum R from 
			(
			
			 select t1.month, t1.e_Num , t1.ct, t1.m_id AS m_Id, round(t1.workMinuteSum) as workMinuteSum,
	   		round(t1.workMinuteSum/60 , 1) as workHourSum, m.m_Store as m_Store, t1.e_position  , p.p_pay as e_Pay
		   from(
				select to_char(wt_StartTime, 'yyyy/mm') as month, max(m_id) as m_id, 
				 		e_Num, count(*) as ct, sum(workMinute ) as workMinuteSum,  min(e_Position) as e_Position
			    from
			    (
			    	select  wt_StartTime , wt_EndTime,to_char((wt_EndTime - wt_StartTime)*60*24)
					  as workMinute, e.e_Num as e_Num, e.m_id as m_id ,e.e_Position as e_Position
					from  employee e, workingTime w where w.e_Num = e.e_Num and e_Position='점장'
				) 
				group by to_char(wt_StartTime, 'yyyy/mm'), e_Num) t1, member m , pay p
				where m.m_id = t1.m_id and p.e_Num = t1.e_Num and p.p_date = 
				(select max(p_date) from  pay where e_num =  t1.e_Num and p_date <= t1.month group by e_num)
				order by t1.month desc			
			
			) 
		C where rownum <= #{pageEnd}) B where R >= #{pageStart}		
		]]>
	</select>
	
	<select id="getSalaryPerMonthCount" resultType="int">
	<![CDATA[
		select count(*) from 
		(
		
			 select t1.month, t1.e_Num , t1.ct, t1.m_id AS m_Id, round(t1.workMinuteSum) as workMinuteSum,
	   		round(t1.workMinuteSum/60 , 1) as workHourSum, m.m_Store as m_Store, t1.e_position  , p.p_pay as e_Pay
		   from(
				select to_char(wt_StartTime, 'yyyy/mm') as month, max(m_id) as m_id, 
				 		e_Num, count(*) as ct, sum(workMinute ) as workMinuteSum,  min(e_Position) as e_Position
			    from
			    (
			    	select  wt_StartTime , wt_EndTime,to_char((wt_EndTime - wt_StartTime)*60*24)
					  as workMinute, e.e_Num as e_Num, e.m_id as m_id ,e.e_Position as e_Position
					from  employee e, workingTime w where w.e_Num = e.e_Num and e_Position='점장'
				) 
				group by to_char(wt_StartTime, 'yyyy/mm'), e_Num) t1, member m , pay p
				where m.m_id = t1.m_id and p.e_Num = t1.e_Num and p.p_date = 
				(select max(p_date) from  pay where e_num =  t1.e_Num and p_date <= t1.month group by e_num)
				order by t1.month desc			
		
		)
		]]>
	</select>
	
	<select id="getExpendPayOfMonth" resultType="com.kosta.csm.vo.HeadExpendPerMonth">
		 select  to_char(w.wt_StartTime, 'yyyy/mm') as he_Date,
			  sum(round((to_char((w.wt_EndTime -w.wt_StartTime)*60*24))/60 , 1) * e.e_pay) as he_Expend 
		from workingTime w, employee e 
		where e.e_Num = w.e_Num AND   e_position = '아르바이트' and
		to_char(w.wt_StartTime, 'yyyy/mm') =  substr(#{he_Date},1,7)
		group by to_char(w.wt_StartTime, 'yyyy/mm')
 	 </select>
 	 
 	 <select id="getManagePayOfMonth" resultType="com.kosta.csm.vo.HeadExpendPerMonth">
		 select  to_char(w.wt_StartTime, 'yyyy/mm') as he_Date,
			  sum(round((to_char((w.wt_EndTime -w.wt_StartTime)*60*24))/60 , 1) * e.e_pay) as he_Expend 
		from workingTime w, employee e 
		where e.e_Num = w.e_Num  AND   e_position = '점장' and
		to_char(w.wt_StartTime, 'yyyy/mm') = substr(#{he_Date},1,7) 
		group by to_char(w.wt_StartTime, 'yyyy/mm')
 	 </select>
 	 
 	<select id="getTimeOfMonth" resultType="com.kosta.csm.vo.WorkingTimeMore">
	select wt_Num,  e.e_Name ,to_char(wt_StartTime,'yyyy/mm/dd hh:mi') as wt_StartTime,
	 to_char(wt_EndTime,'yyyy/mm/dd hh:mi') as wt_EndTime, 
	e.m_Id  as m_Id, m.m_Store as m_Store, e.e_Phone as e_Phone ,e.e_Num as e_Num, e_pay, e.e_Position
	from  employee e, member m, workingTime w where e.m_Id = m.m_Id and  w.e_Num = e.e_Num 
	 and to_char(wt_StartTime,'yyyy/mm') = #{he_Date} and e_Position = #{e_Position} order by wt_StartTime desc
	</select>
 	 
	<select id="paySearch_Num" resultType="com.kosta.csm.vo.WorkingTimePerMonth">
		<![CDATA[
			select B.* from (select C.*, rownum R from 
			(
			
				select t1.month, t1.e_Num , t1.ct, t1.m_id AS m_Id, round(t1.workMinuteSum) as workMinuteSum,
				round(t1.workMinuteSum/60 , 1) as workHourSum, m.m_Store as m_Store, t1.e_position  , p.p_pay as e_Pay
				from(
					select to_char(wt_StartTime, 'yyyy/mm') as month, max(m_id) as m_id, 
					 		e_Num, count(*) as ct, sum(workMinute ) as workMinuteSum,  min(e_Position) as e_Position
				    from
				    	(
				    		select  wt_StartTime , wt_EndTime,to_char((wt_EndTime - wt_StartTime)*60*24)
						  	as workMinute, e.e_Num as e_Num, e.m_id as m_id ,e.e_Position as e_Position
							from  employee e, workingTime w where w.e_Num = e.e_Num and e_Position='아르바이트' and e.e_Num = #{search}
						) 
				group by to_char(wt_StartTime, 'yyyy/mm'), e_Num) t1, member m , pay p
				where m.m_id = t1.m_id and p.e_Num = t1.e_Num and p.p_date = 
					(select max(p_date) from  pay where e_num =  t1.e_Num and p_date <= t1.month group by e_num)
				order by t1.month desc
			
			) 
			C where rownum <= #{cri.pageEnd}) B where R >= #{cri.pageStart}		
		]]>
	</select>
	
	<select id="paySearchCount_Num" resultType="int">
	<![CDATA[
			select count(*) from 
			(
			
				select t1.month, t1.e_Num , t1.ct, t1.m_id AS m_Id, round(t1.workMinuteSum) as workMinuteSum,
				round(t1.workMinuteSum/60 , 1) as workHourSum, m.m_Store as m_Store, t1.e_position  , p.p_pay as e_Pay
				from(
					select to_char(wt_StartTime, 'yyyy/mm') as month, max(m_id) as m_id, 
					 		e_Num, count(*) as ct, sum(workMinute ) as workMinuteSum,  min(e_Position) as e_Position
				    from
				    	(
				    		select  wt_StartTime , wt_EndTime,to_char((wt_EndTime - wt_StartTime)*60*24)
						  	as workMinute, e.e_Num as e_Num, e.m_id as m_id ,e.e_Position as e_Position
							from  employee e, workingTime w where w.e_Num = e.e_Num and e_Position='아르바이트' and e.e_Num = #{search}
						) 
				group by to_char(wt_StartTime, 'yyyy/mm'), e_Num) t1, member m , pay p
				where m.m_id = t1.m_id and p.e_Num = t1.e_Num and p.p_date = 
					(select max(p_date) from  pay where e_num =  t1.e_Num and p_date <= t1.month group by e_num)
				order by t1.month desc
			
			)
			]]>
	</select>
	
	<select id="paySearch_Id" resultType="com.kosta.csm.vo.WorkingTimePerMonth">
		<![CDATA[
			select B.* from (select C.*, rownum R from 
			(
			
				select t1.month, t1.e_Num , t1.ct, t1.m_id AS m_Id, round(t1.workMinuteSum) as workMinuteSum,
				round(t1.workMinuteSum/60 , 1) as workHourSum, m.m_Store as m_Store, t1.e_position  , p.p_pay as e_Pay
				from(
					select to_char(wt_StartTime, 'yyyy/mm') as month, max(m_id) as m_id, 
					 		e_Num, count(*) as ct, sum(workMinute ) as workMinuteSum,  min(e_Position) as e_Position
				    from
				    	(
				    		select  wt_StartTime , wt_EndTime,to_char((wt_EndTime - wt_StartTime)*60*24)
						  	as workMinute, e.e_Num as e_Num, e.m_id as m_id ,e.e_Position as e_Position
							from  employee e, workingTime w where w.e_Num = e.e_Num and e_Position='아르바이트'
						) 
				group by to_char(wt_StartTime, 'yyyy/mm'), e_Num) t1, member m , pay p
				where m.m_id = t1.m_id and p.e_Num = t1.e_Num and p.p_date = 
					(select max(p_date) from  pay where e_num =  t1.e_Num and p_date <= t1.month group by e_num) and m.m_Id = #{search}
				order by t1.month desc
			
			) 
			C where rownum <= #{cri.pageEnd}) B where R >= #{cri.pageStart}		
		]]>
	</select>
	
	<select id="paySearchCount_Id" resultType="int">
		<![CDATA[
			select count(*) from 
			(
			
				select t1.month, t1.e_Num , t1.ct, t1.m_id AS m_Id, round(t1.workMinuteSum) as workMinuteSum,
				round(t1.workMinuteSum/60 , 1) as workHourSum, m.m_Store as m_Store, t1.e_position  , p.p_pay as e_Pay
				from(
					select to_char(wt_StartTime, 'yyyy/mm') as month, max(m_id) as m_id, 
					 		e_Num, count(*) as ct, sum(workMinute ) as workMinuteSum,  min(e_Position) as e_Position
				    from
				    	(
				    		select  wt_StartTime , wt_EndTime,to_char((wt_EndTime - wt_StartTime)*60*24)
						  	as workMinute, e.e_Num as e_Num, e.m_id as m_id ,e.e_Position as e_Position
							from  employee e, workingTime w where w.e_Num = e.e_Num and e_Position='아르바이트'
						) 
				group by to_char(wt_StartTime, 'yyyy/mm'), e_Num) t1, member m , pay p
				where m.m_id = t1.m_id and p.e_Num = t1.e_Num and p.p_date = 
					(select max(p_date) from  pay where e_num =  t1.e_Num and p_date <= t1.month group by e_num) and m.m_Id = #{search}
				order by t1.month desc
			
			)
		]]>
	</select>
	
	<select id="paySearch_Name" resultType="com.kosta.csm.vo.WorkingTimePerMonth">
		<![CDATA[
			select B.* from (select C.*, rownum R from 
			(
			
				select t1.month, t1.e_Num , t1.ct, t1.m_id AS m_Id, round(t1.workMinuteSum) as workMinuteSum,
				round(t1.workMinuteSum/60 , 1) as workHourSum, m.m_Store as m_Store, t1.e_position  , p.p_pay as e_Pay
				from(
					select to_char(wt_StartTime, 'yyyy/mm') as month, max(m_id) as m_id, 
					 		e_Num, count(*) as ct, sum(workMinute ) as workMinuteSum,  min(e_Position) as e_Position
				    from
				    	(
				    		select  wt_StartTime , wt_EndTime,to_char((wt_EndTime - wt_StartTime)*60*24)
						  	as workMinute, e.e_Num as e_Num, e.m_id as m_id ,e.e_Position as e_Position
							from  employee e, workingTime w where w.e_Num = e.e_Num and e_Position='아르바이트'
						) 
				group by to_char(wt_StartTime, 'yyyy/mm'), e_Num) t1, member m , pay p
				where m.m_id = t1.m_id and p.e_Num = t1.e_Num and p.p_date = 
					(select max(p_date) from  pay where e_num =  t1.e_Num and p_date <= t1.month group by e_num) and m.m_Store like #{search}
				order by t1.month desc
			
			) 
			C where rownum <= #{cri.pageEnd}) B where R >= #{cri.pageStart}		
		]]>
	</select>
	

	
	
	<select id="paySearchCount_Name" resultType="int">
		<![CDATA[
			select count(*) from 
			(
			
				select t1.month, t1.e_Num , t1.ct, t1.m_id AS m_Id, round(t1.workMinuteSum) as workMinuteSum,
				round(t1.workMinuteSum/60 , 1) as workHourSum, m.m_Store as m_Store, t1.e_position  , p.p_pay as e_Pay
				from(
					select to_char(wt_StartTime, 'yyyy/mm') as month, max(m_id) as m_id, 
					 		e_Num, count(*) as ct, sum(workMinute ) as workMinuteSum,  min(e_Position) as e_Position
				    from
				    	(
				    		select  wt_StartTime , wt_EndTime,to_char((wt_EndTime - wt_StartTime)*60*24)
						  	as workMinute, e.e_Num as e_Num, e.m_id as m_id ,e.e_Position as e_Position
							from  employee e, workingTime w where w.e_Num = e.e_Num and e_Position='아르바이트'
						) 
				group by to_char(wt_StartTime, 'yyyy/mm'), e_Num) t1, member m , pay p
				where m.m_id = t1.m_id and p.e_Num = t1.e_Num and p.p_date = 
					(select max(p_date) from  pay where e_num =  t1.e_Num and p_date <= t1.month group by e_num) and m.m_Store like #{search}
				order by t1.month desc
			
			)
		]]>
	</select>
	
	
	<select id="salarySearch_Num" resultType="com.kosta.csm.vo.WorkingTimePerMonth">
	<![CDATA[			
		select B.* from (select C.*, rownum R from 
			(
			
			 select t1.month, t1.e_Num , t1.ct, t1.m_id AS m_Id, round(t1.workMinuteSum) as workMinuteSum,
	   		round(t1.workMinuteSum/60 , 1) as workHourSum, m.m_Store as m_Store, t1.e_position  , p.p_pay as e_Pay
		   from(
				select to_char(wt_StartTime, 'yyyy/mm') as month, max(m_id) as m_id, 
				 		e_Num, count(*) as ct, sum(workMinute ) as workMinuteSum,  min(e_Position) as e_Position
			    from
			    (
			    	select  wt_StartTime , wt_EndTime,to_char((wt_EndTime - wt_StartTime)*60*24)
					  as workMinute, e.e_Num as e_Num, e.m_id as m_id ,e.e_Position as e_Position
					from  employee e, workingTime w where w.e_Num = e.e_Num and e_Position='점장' and e.e_Num = #{search}
				) 
				group by to_char(wt_StartTime, 'yyyy/mm'), e_Num) t1, member m , pay p
				where m.m_id = t1.m_id and p.e_Num = t1.e_Num and p.p_date = 
				(select max(p_date) from  pay where e_num =  t1.e_Num and p_date <= t1.month group by e_num)
				order by t1.month desc			
			
			) 
		C where rownum <= #{cri.pageEnd}) B where R >= #{cri.pageStart}		
		]]>
	</select>
	
	<select id="salarySearchCount_Num" resultType="int">
	<![CDATA[			
		select count(*) from 
			(
			
			 select t1.month, t1.e_Num , t1.ct, t1.m_id AS m_Id, round(t1.workMinuteSum) as workMinuteSum,
	   		round(t1.workMinuteSum/60 , 1) as workHourSum, m.m_Store as m_Store, t1.e_position  , p.p_pay as e_Pay
		   from(
				select to_char(wt_StartTime, 'yyyy/mm') as month, max(m_id) as m_id, 
				 		e_Num, count(*) as ct, sum(workMinute ) as workMinuteSum,  min(e_Position) as e_Position
			    from
			    (
			    	select  wt_StartTime , wt_EndTime,to_char((wt_EndTime - wt_StartTime)*60*24)
					  as workMinute, e.e_Num as e_Num, e.m_id as m_id ,e.e_Position as e_Position
					from  employee e, workingTime w where w.e_Num = e.e_Num and e_Position='점장' and e.e_Num = #{search}
				) 
				group by to_char(wt_StartTime, 'yyyy/mm'), e_Num) t1, member m , pay p
				where m.m_id = t1.m_id and p.e_Num = t1.e_Num and p.p_date = 
				(select max(p_date) from  pay where e_num =  t1.e_Num and p_date <= t1.month group by e_num)
				order by t1.month desc			
			
			)	
		]]>
	</select>
	
	<select id="salarySearch_Id" resultType="com.kosta.csm.vo.WorkingTimePerMonth">
	<![CDATA[			
		select B.* from (select C.*, rownum R from 
			(
			
			 select t1.month, t1.e_Num , t1.ct, t1.m_id AS m_Id, round(t1.workMinuteSum) as workMinuteSum,
	   		round(t1.workMinuteSum/60 , 1) as workHourSum, m.m_Store as m_Store, t1.e_position  , p.p_pay as e_Pay
		   from(
				select to_char(wt_StartTime, 'yyyy/mm') as month, max(m_id) as m_id, 
				 		e_Num, count(*) as ct, sum(workMinute ) as workMinuteSum,  min(e_Position) as e_Position
			    from
			    (
			    	select  wt_StartTime , wt_EndTime,to_char((wt_EndTime - wt_StartTime)*60*24)
					  as workMinute, e.e_Num as e_Num, e.m_id as m_id ,e.e_Position as e_Position
					from  employee e, workingTime w where w.e_Num = e.e_Num and e_Position='점장'
				) 
				group by to_char(wt_StartTime, 'yyyy/mm'), e_Num) t1, member m , pay p
				where m.m_id = t1.m_id and p.e_Num = t1.e_Num and p.p_date = 
				(select max(p_date) from  pay where e_num =  t1.e_Num and p_date <= t1.month group by e_num) and m.m_Id = #{search}
				order by t1.month desc			
			
			) 
		C where rownum <= #{cri.pageEnd}) B where R >= #{cri.pageStart}		
		]]>
	</select>
	
	<select id="salarySearchCount_Id" resultType="int">
	<![CDATA[			
		select count(*) from 
			(
			
			 select t1.month, t1.e_Num , t1.ct, t1.m_id AS m_Id, round(t1.workMinuteSum) as workMinuteSum,
	   		round(t1.workMinuteSum/60 , 1) as workHourSum, m.m_Store as m_Store, t1.e_position  , p.p_pay as e_Pay
		   from(
				select to_char(wt_StartTime, 'yyyy/mm') as month, max(m_id) as m_id, 
				 		e_Num, count(*) as ct, sum(workMinute ) as workMinuteSum,  min(e_Position) as e_Position
			    from
			    (
			    	select  wt_StartTime , wt_EndTime,to_char((wt_EndTime - wt_StartTime)*60*24)
					  as workMinute, e.e_Num as e_Num, e.m_id as m_id ,e.e_Position as e_Position
					from  employee e, workingTime w where w.e_Num = e.e_Num and e_Position='점장'
				) 
				group by to_char(wt_StartTime, 'yyyy/mm'), e_Num) t1, member m , pay p
				where m.m_id = t1.m_id and p.e_Num = t1.e_Num and p.p_date = 
				(select max(p_date) from  pay where e_num =  t1.e_Num and p_date <= t1.month group by e_num) and m.m_Id = #{search}
				order by t1.month desc			
			
			)
		]]>
	</select>
	
	<select id="salarySearch_Name" resultType="com.kosta.csm.vo.WorkingTimePerMonth">
	<![CDATA[			
		select B.* from (select C.*, rownum R from 
			(
			
			 select t1.month, t1.e_Num , t1.ct, t1.m_id AS m_Id, round(t1.workMinuteSum) as workMinuteSum,
	   		round(t1.workMinuteSum/60 , 1) as workHourSum, m.m_Store as m_Store, t1.e_position  , p.p_pay as e_Pay
		   from(
				select to_char(wt_StartTime, 'yyyy/mm') as month, max(m_id) as m_id, 
				 		e_Num, count(*) as ct, sum(workMinute ) as workMinuteSum,  min(e_Position) as e_Position
			    from
			    (
			    	select  wt_StartTime , wt_EndTime,to_char((wt_EndTime - wt_StartTime)*60*24)
					  as workMinute, e.e_Num as e_Num, e.m_id as m_id ,e.e_Position as e_Position
					from  employee e, workingTime w where w.e_Num = e.e_Num and e_Position='점장'
				) 
				group by to_char(wt_StartTime, 'yyyy/mm'), e_Num) t1, member m , pay p
				where m.m_id = t1.m_id and p.e_Num = t1.e_Num and p.p_date = 
				(select max(p_date) from  pay where e_num =  t1.e_Num and p_date <= t1.month group by e_num) and m.m_Store like #{search}
				order by t1.month desc			
			
			) 
		C where rownum <= #{cri.pageEnd}) B where R >= #{cri.pageStart}		
		]]>
	</select>
	
	<select id="salarySearchCount_Name" resultType="int">
	<![CDATA[			
		select count(*) from 
			(
			
			 select t1.month, t1.e_Num , t1.ct, t1.m_id AS m_Id, round(t1.workMinuteSum) as workMinuteSum,
	   		round(t1.workMinuteSum/60 , 1) as workHourSum, m.m_Store as m_Store, t1.e_position  , p.p_pay as e_Pay
		   from(
				select to_char(wt_StartTime, 'yyyy/mm') as month, max(m_id) as m_id, 
				 		e_Num, count(*) as ct, sum(workMinute ) as workMinuteSum,  min(e_Position) as e_Position
			    from
			    (
			    	select  wt_StartTime , wt_EndTime,to_char((wt_EndTime - wt_StartTime)*60*24)
					  as workMinute, e.e_Num as e_Num, e.m_id as m_id ,e.e_Position as e_Position
					from  employee e, workingTime w where w.e_Num = e.e_Num and e_Position='점장'
				) 
				group by to_char(wt_StartTime, 'yyyy/mm'), e_Num) t1, member m , pay p
				where m.m_id = t1.m_id and p.e_Num = t1.e_Num and p.p_date = 
				(select max(p_date) from  pay where e_num =  t1.e_Num and p_date <= t1.month group by e_num) and m.m_Store like #{search}
				order by t1.month desc			
			
			) 	
		]]>
	</select>
	
	
	<select id="timePartSearch_Num" resultType="com.kosta.csm.vo.WorkingTimeMore">
		<![CDATA[
			select B.* from (select C.*, rownum R from 
			(select wt_Num,  e.e_Name ,to_char(wt_StartTime,'yyyy/mm/dd hh:mi') as wt_StartTime, 
			 to_char(wt_EndTime,'yyyy/mm/dd hh:mi') as wt_EndTime, 
			 e.m_Id  as m_Id, m.m_Store as m_Store, e.e_Phone as e_Phone ,e.e_Num as e_Num
		 	 from  employee e, member m, workingTime w where e.m_Id = m.m_Id and  w.e_Num = e.e_Num 
			 and e.e_Position ='아르바이트' and e.e_Num = #{search} order by wt_StartTime desc) 
			C where rownum <= #{cri.pageEnd}) B where R >= #{cri.pageStart}
		]]>
	</select>
	
	<select id="timePartSearchCount_Num" resultType="int">
		<![CDATA[
			select count(*) from 
			(select wt_Num,  e.e_Name ,to_char(wt_StartTime,'yyyy/mm/dd hh:mi') as wt_StartTime, 
			 to_char(wt_EndTime,'yyyy/mm/dd hh:mi') as wt_EndTime, 
			 e.m_Id  as m_Id, m.m_Store as m_Store, e.e_Phone as e_Phone ,e.e_Num as e_Num
		 	 from  employee e, member m, workingTime w where e.m_Id = m.m_Id and  w.e_Num = e.e_Num 
			 and e.e_Position ='아르바이트' and e.e_Num = #{search} order by wt_StartTime desc)
		]]>
	</select>
	
	<select id="timePartSearch_Id" resultType="com.kosta.csm.vo.WorkingTimeMore">
		<![CDATA[
			select B.* from (select C.*, rownum R from 
			(select wt_Num,  e.e_Name ,to_char(wt_StartTime,'yyyy/mm/dd hh:mi') as wt_StartTime, 
			 to_char(wt_EndTime,'yyyy/mm/dd hh:mi') as wt_EndTime, 
			 e.m_Id  as m_Id, m.m_Store as m_Store, e.e_Phone as e_Phone ,e.e_Num as e_Num
		 	 from  employee e, member m, workingTime w where e.m_Id = m.m_Id and  w.e_Num = e.e_Num 
			 and e.e_Position ='아르바이트' and m.m_Id = #{search} order by wt_StartTime desc) 
			C where rownum <= #{cri.pageEnd}) B where R >= #{cri.pageStart}
		]]>
	</select>
	
	<select id="timePartSearchCount_Id" resultType="int">
		<![CDATA[
			select count(*) from 
			(select wt_Num,  e.e_Name ,to_char(wt_StartTime,'yyyy/mm/dd hh:mi') as wt_StartTime, 
			 to_char(wt_EndTime,'yyyy/mm/dd hh:mi') as wt_EndTime, 
			 e.m_Id  as m_Id, m.m_Store as m_Store, e.e_Phone as e_Phone ,e.e_Num as e_Num
		 	 from  employee e, member m, workingTime w where e.m_Id = m.m_Id and  w.e_Num = e.e_Num 
			 and e.e_Position ='아르바이트' and m.m_Id = #{search} order by wt_StartTime desc)
		]]>
	</select>
	
	<select id="timePartSearch_Name" resultType="com.kosta.csm.vo.WorkingTimeMore">
		<![CDATA[
			select B.* from (select C.*, rownum R from 
			(select wt_Num,  e.e_Name ,to_char(wt_StartTime,'yyyy/mm/dd hh:mi') as wt_StartTime, 
			 to_char(wt_EndTime,'yyyy/mm/dd hh:mi') as wt_EndTime, 
			 e.m_Id  as m_Id, m.m_Store as m_Store, e.e_Phone as e_Phone ,e.e_Num as e_Num
		 	 from  employee e, member m, workingTime w where e.m_Id = m.m_Id and  w.e_Num = e.e_Num 
			 and e.e_Position ='아르바이트' and m.m_Store like #{search} order by wt_StartTime desc) 
			C where rownum <= #{cri.pageEnd}) B where R >= #{cri.pageStart}
		]]>
	</select>
	
	<select id="timePartSearchCount_Name" resultType="int">
		<![CDATA[
			select count(*) from 
			(select wt_Num,  e.e_Name ,to_char(wt_StartTime,'yyyy/mm/dd hh:mi') as wt_StartTime, 
			 to_char(wt_EndTime,'yyyy/mm/dd hh:mi') as wt_EndTime, 
			 e.m_Id  as m_Id, m.m_Store as m_Store, e.e_Phone as e_Phone ,e.e_Num as e_Num
		 	 from  employee e, member m, workingTime w where e.m_Id = m.m_Id and  w.e_Num = e.e_Num 
			 and e.e_Position ='아르바이트' and m.m_Store like #{search} order by wt_StartTime desc)
		]]>
	</select>
 	 
</mapper>


