<?xml version="1.0" encoding="UTF-8"?>
<!DOCTYPE mapper PUBLIC "-//mybatis.org//DTD Mapper 3.0//EN" "http://mybatis.org/dtd/mybatis-3-mapper.dtd">

<mapper namespace="ki.mo.ddi.adminModel.AdminDAO">
	
	<insert id="dailyInsert">
		insert into admin_daily values(seq_dailyid.NEXTVAL, #{dailyContent}, #{dailyMemo}, #{dailyTime}, #{cadre_group})
	</insert>
	
	<select id="getDaily" parameterType="String" resultType="ki.mo.ddi.adminModel.AdminDTO">
		select * from admin_daily where cadre_group = #{cadre_group} ORDER BY dailyID
	</select>
	
	<delete id="dailyDelete" parameterType="int">
		delete from admin_daily where dailyID = #{dailyID}
	</delete>
	
	<delete id="dailyAllDelete" parameterType="String">
		delete from admin_daily where cadre_group = #{cadre_group}
	</delete>
	<update id="dailyUpdate">
		update admin_daily set dailyContent=#{dailyContent}, dailyMemo=#{dailyMemo}, dailyTime=#{dailyTime}
		where dailyID = #{dailyID}
	</update>

</mapper>