<?xml version="1.0" encoding="UTF-8"?>
<!-- Mapper.xml -->
<!DOCTYPE mapper PUBLIC "-//mybatis.org//DTD Mapper 3.0//EN"
   "http://mybatis.org/dtd/mybatis-3-mapper.dtd">

<mapper namespace="ki.mo.ddi.noticeModel.MnoticeDAO">

   <select id="selectAll" parameterType="HashMap" resultType="ki.mo.ddi.noticeModel.MnoticeDTO">
    <!-- 목록 조회 및 페이징 전체 쿼리 -->
    <include refid="pagingHeader"></include>
        SELECT rownum, num, dept,title,writer,idate, hit, content, cadre_num, cadre_group, mmr, position
        FROM material_notice
        ORDER BY NUM DESC
    <include refid="pagingFooter"></include>    
   </select>
   
   <select id="selectDeptAll" parameterType="HashMap" resultType="ki.mo.ddi.noticeModel.MnoticeDTO">
    <!-- 목록 조회 및 페이징 전체 쿼리 -->
    <include refid="pagingHeader"></include>
        SELECT rownum, num, dept,title,writer,idate, hit, content, cadre_num, cadre_group, mmr, position
        FROM material_notice where dept = #{dept}
        ORDER BY NUM DESC
    <include refid="pagingFooter"></include> 
      </select>

   <select id="getDeptListCount" parameterType="String" resultType="int">
      select count(*) from material_notice where dept=#{dept}
   </select>

   <select id="getNoticeByNum" parameterType="int"
      resultType="ki.mo.ddi.noticeModel.MnoticeDTO">
      select * from material_notice where num = #{num}
   </select>


   <insert id="insertNotice" parameterType="ki.mo.ddi.noticeModel.MnoticeDTO">
      insert into
      material_notice( num, dept, title, writer, mmr, position, idate, hit, content, cadre_num, cadre_group)
      values(material_notice_seq.NEXTVAL, #{dept}, #{title},
      #{writer}, #{mmr}, #{position}, #{idate}, 0, #{content}, #{cadre_num}, #{cadre_group})
   </insert>

   <update id="updateNotice" parameterType="ki.mo.ddi.noticeModel.MnoticeDTO">
      update material_notice set title=#{title}, content=#{content}
      where num=#{num}
   </update>

   <delete id="deleteNotice" parameterType="int">
      delete from material_notice where num=#{num}
   </delete>

   <update id="updateHit" parameterType="int">
      update material_notice set hit=hit+1
      where num=#{num}
   </update>

   <select id="getListCount" parameterType="int" resultType="int">
      select count(*) from material_notice
   </select>
   
<!-- 페이징 sql -->
<sql id="pagingHeader">
    SELECT * FROM (
        SELECT ROWNUM AS rn, A.* FROM (
</sql>
<sql id="pagingFooter">
        ) A
    ) WHERE rn BETWEEN #{start} AND #{end}
</sql>

</mapper>