<?xml version="1.0" encoding="UTF-8"?>
<!DOCTYPE mapper PUBLIC "-//mybatis.org//DTD Mapper 3.0//EN" "http://mybatis.org/dtd/mybatis-3-mapper.dtd">

<mapper namespace="ki.mo.ddi.supplyModel.Supply_BasketDAO">
	<select id="insertBasketSupply" parameterType="ki.mo.ddi.supplyModel.Supply_BasketDTO">
		{call

			declare
       		 begin	
       		 	insert into supply_basket values (#{osupply_num}, #{osupply_name}, #{osupply_order}, #{osupply_flag}, #{osupply_group});
       		 	update ${tableName} set supply_order_flag = 1 where supply_num = #{osupply_num};
       		 end
		}
	</select>
	
	<select id="getBasketList" resultType="ki.mo.ddi.supplyModel.Supply_BasketDTO">
		select * from supply_basket where osupply_group = #{osupply_group}
	</select>
	
	<delete id="deleteBasketSupply" parameterType="ki.mo.ddi.supplyModel.Supply_BasketDTO">
	{call

			declare
       		 begin	
				delete from supply_basket where osupply_num = #{osupply_num} and osupply_group = #{osupply_group};
				update ${tableName} set supply_order_flag = 0 where supply_num = #{osupply_num};
			 end
	}
	</delete>
	
	<delete id="initialization" parameterType="HashMap">
	{call

			declare
       		 begin	
				delete from supply_basket where osupply_group = #{osupply_group};
				update ${tableName} set supply_order_flag = 0;
			 end
	}
	</delete>
</mapper>