<?xml version="1.0" encoding="UTF-8"?>
<!DOCTYPE mapper
    PUBLIC "-//mybatis.org//DTD Mapper 3.0//EN"
    "http://mybatis.org/dtd/mybatis-3-mapper.dtd">
    
<mapper namespace="edu.kosta.model.dao.ur.notice.NoticeDAO">
	<!-- 글쓰기 -->
	<insert id="insertNotice" parameterType="edu.kosta.model.dto.ur.notice.NoticeDTO">
		INSERT INTO NOTICE (NOTICE_NUM,
		NOTICE_HIT,NOTICE_CONTENTS,NOTICE_TITLE,ADMIN_ID)
		VALUES(NOTICE_SEQ.NEXTVAL,0, #{notice_contents},
		#{notice_title},#{admin_id})
	</insert>

	<!-- 글 가져오기 -->
	<select id="getNoticeList" parameterType="hashmap"
		resultType="edu.kosta.model.dto.ur.notice.NoticeDTO">
		SELECT * FROM
		(SELECT A.*,ROWNUM R FROM
		(SELECT * FROM NOTICE ORDER BY NOTICE_NUM DESC) A )
		WHERE R >= #{start} AND R &lt;= #{end}
	</select>

	<!-- 글 하나 가져오기 -->
	<select id="getNotice" parameterType="Integer"
		resultType="edu.kosta.model.dto.ur.notice.NoticeDTO">
		SELECT * FROM NOTICE WHERE NOTICE_NUM = #{notice_num}
	</select>

	<update id="updateNotice" parameterType="edu.kosta.model.dto.ur.notice.NoticeDTO">
		UPDATE NOTICE SET
		NOTICE_CONTENTS=#{notice_contents},NOTICE_TITLE=#{notice_title}
		WHERE NOTICE_NUM = #{notice_num}
	</update>

	<delete id="deleteNotice" parameterType="edu.kosta.model.dto.ur.notice.NoticeDTO">
		DELETE FROM NOTICE WHERE NOTICE_NUM = #{notice_num}
	</delete>

	<update id="updateNOTICE_HIT" parameterType="Integer">
		UPDATE NOTICE SET NOTICE_HIT = NOTICE_HIT + 1
		WHERE NOTICE_NUM = #{notice_num}
	</update>

	<select id="getNoticeCount" resultType="Integer">
		SELECT COUNT(*) FROM NOTICE
	</select>

	<!-- 공지사항 롤링 -->
	<select id="getNotice_rolling" resultType="edu.kosta.model.dto.ur.notice.NoticeDTO">
		SELECT * FROM NOTICE
	</select>
</mapper>
    