<?xml version="1.0" encoding="UTF-8"?>
<!DOCTYPE mapper
     PUBLIC "-//mybatis.org//DTD Mapper 3.0//EN"
     	"http://mybatis.org/dtd/mybatis-3-mapper.dtd">
     	
<mapper namespace="edu.kosta.model.dto.admin.AdminDAO">
	<!-- 회원가입 -->
	<insert id="insertAdminJoin" parameterType="edu.kosta.model.dto.admin.AdminDTO">
		INSERT INTO ADMIN(ADMIN_ID, ADMIN_PWD, ADMIN_NAME, ADMIN_HIREDATE,
		ADMIN_DEPARTMENT)
		VALUES(#{admin_id}, #{admin_pwd},
		#{admin_name},#{admin_hiredate}, #{admin_department})
	</insert>

	<!-- 아이디 중복검사 -->
	<select id="adminConfirmId" resultType="edu.kosta.model.dto.admin.AdminDTO"
		parameterType="edu.kosta.model.dto.admin.AdminDTO">
		SELECT * FROM ADMIN WHERE ADMIN_ID=#{admin_id}
	</select>
	<!-- 모든 관리자 출력 -->

	<select id="adminAllSelect" resultType="edu.kosta.model.dto.admin.AdminDTO"
		parameterType="edu.kosta.model.dto.admin.AdminDTO">
		SELECT * FROM ADMIN
	</select>

	<!-- 관리자 삭제 -->
	<delete id="adminDelete" parameterType="edu.kosta.model.dto.admin.AdminDTO">
		DELETE FROM ADMIN WHERE ADMIN_ID=#{admin_id}
	</delete>
</mapper>