<?xml version="1.0" encoding="UTF-8"?>
<!DOCTYPE mapper
	PUBLIC "-//mybatis.org//DTD Mapper 3.0//EN"
	"http://mybatis.org/dtd/mybatis-3-mapper.dtd">

<mapper namespace="com.essence.erp.dao.BizReportDAO">

	<select id="list" resultType="com.essence.erp.dto.BizReportDTO">
		SELECT * FROM BIZ_REPORT ORDER BY B_GROUP DESC, B_STEP ASC
	</select>
	
	<insert id="write" parameterType="com.essence.erp.dto.BizReportDTO">
		INSERT INTO BIZ_REPORT (B_ID, B_NAME, B_TITLE, B_CONTENT, B_GROUP) 
			VALUES (BIZ_SEQ.NEXTVAL, #{b_name}, #{b_title}, #{b_content}, BIZ_SEQ.CURRVAL)
	</insert>
	
	<insert id="writeFile" parameterType="com.essence.erp.dto.BizReportDTO">
		INSERT INTO BIZ_REPORT (B_ID, B_NAME, B_TITLE, B_CONTENT, B_FILESRC, B_GROUP) 
			VALUES (BIZ_SEQ.NEXTVAL, #{b_name}, #{b_title}, #{b_content}, #{b_filesrc}, BIZ_SEQ.CURRVAL)
	</insert>
	
	<update id="hit" parameterType="java.lang.String">
		UPDATE BIZ_REPORT SET B_HIT = B_HIT + 1 WHERE B_ID= #{B_ID}
	</update>
	
	<select id="view" parameterType="java.lang.String" resultType="com.essence.erp.dto.BizReportDTO">
		SELECT * FROM BIZ_REPORT WHERE B_ID= #{B_ID}
	</select>
	
	<update id="modify" parameterType="com.essence.erp.dto.BizReportDTO">
		UPDATE BIZ_REPORT SET B_TITLE = #{b_title}, B_CONTENT = #{b_content} WHERE B_ID= #{b_id}
	</update>
	
	<update id="modifyFile" parameterType="com.essence.erp.dto.BizReportDTO">
		UPDATE BIZ_REPORT SET B_TITLE = #{b_title}, B_CONTENT = #{b_content}, B_FILESRC = #{b_filesrc} WHERE B_ID= #{b_id}
	</update>
	
	<delete id="delete" parameterType="java.lang.String">
		DELETE FROM BIZ_REPORT WHERE B_ID = #{B_ID}
	</delete>
	
	<insert id="reply" parameterType="com.essence.erp.dto.BizReportDTO">
		INSERT INTO BIZ_REPORT (B_ID, B_NAME, B_TITLE, B_CONTENT, B_GROUP, B_STEP, B_INDENT) 
			VALUES (BIZ_SEQ.NEXTVAL, #{b_name}, #{b_title}, #{b_content}, #{b_group}, #{b_step}, #{b_indent})
	</insert>
	
	<update id="replyUp" parameterType="com.essence.erp.dto.BizReportDTO">
		UPDATE BIZ_REPORT SET B_STEP = B_STEP + 1 WHERE B_GROUP = #{b_group} AND B_STEP > #{b_step}
	</update>

</mapper>
