<?xml version="1.0" encoding="UTF-8"?>
<!DOCTYPE mapper
	PUBLIC "-//mybatis.org//DTD Mapper 3.0//EN"
	"http://mybatis.org/dtd/mybatis-3-mapper.dtd">

<mapper namespace="com.essence.erp.dao.MinutesDAO">

	<select id="list" resultType="com.essence.erp.dto.MinutesDTO">
		SELECT * FROM MINUTES ORDER BY M_DATE DESC
	</select>
	
	<insert id="write" parameterType="com.essence.erp.dto.MinutesDTO">
		INSERT INTO MINUTES (M_ID, M_NAME, M_TITLE, M_CONTENT) VALUES (MINUTES_SEQ.NEXTVAL, #{m_name}, #{m_title}, #{m_content})
	</insert>
	
	<insert id="writeFile" parameterType="com.essence.erp.dto.MinutesDTO">
		INSERT INTO MINUTES (M_ID, M_NAME, M_TITLE, M_CONTENT, M_FILESRC) 
			VALUES (MINUTES_SEQ.NEXTVAL, #{m_name}, #{m_title}, #{m_content}, #{m_filesrc})
	</insert>
	
	<update id="hit" parameterType="java.lang.String">
		UPDATE MINUTES SET M_HIT = M_HIT + 1 WHERE M_ID= #{M_ID}
	</update>
	
	<select id="view" parameterType="java.lang.String" resultType="com.essence.erp.dto.MinutesDTO">
		SELECT * FROM MINUTES WHERE M_ID= #{M_ID}
	</select>
	
	<update id="modify" parameterType="com.essence.erp.dto.MinutesDTO">
		UPDATE MINUTES SET M_TITLE = #{m_title}, M_CONTENT = #{m_content} WHERE M_ID= #{m_id}
	</update>
	
	<update id="modifyFile" parameterType="com.essence.erp.dto.MinutesDTO">
		UPDATE MINUTES SET M_TITLE = #{m_title}, M_CONTENT = #{m_content}, M_FILESRC = #{m_filesrc} WHERE M_ID= #{m_id}
	</update>
	
	<delete id="delete" parameterType="java.lang.String">
		DELETE FROM MINUTES WHERE M_ID = #{M_ID}
	</delete>

</mapper>
