<?xml version="1.0" encoding="UTF-8"?>
<!DOCTYPE mapper
	PUBLIC "-//mybatis.org//DTD Mapper 3.0//EN"
	"http://mybatis.org/dtd/mybatis-3-mapper.dtd">

<mapper namespace="com.essence.erp.dao.SupplierDAO">

	<select id="supplierList" resultType="com.essence.erp.dto.SupplierDTO">
		SELECT * FROM SUPPLIER ORDER BY SU_NAME
	</select>

	<insert id="supplierAdd" parameterType="com.essence.erp.dto.SupplierDTO">
		INSERT INTO SUPPLIER VALUES 
			(#{su_taxid}, #{su_name}, #{su_ceo}, #{su_fndt}, #{su_addr}, #{su_phone}, #{su_item}, #{su_mgr})
	</insert>
	
	<delete id="supplierDelete" parameterType="java.lang.String">
		DELETE FROM SUPPLIER WHERE SU_TAXID = #{SU_TAXID}
	</delete>
	
	<select id="supplierView" parameterType="com.essence.erp.dto.SupplierDTO" resultType="com.essence.erp.dto.SupplierDTO">
		SELECT * FROM SUPPLIER WHERE SU_TAXID = #{su_taxid}
	</select>
	
	<update id="supplierModify" parameterType="com.essence.erp.dto.SupplierDTO">
		UPDATE SUPPLIER SET SU_ADDR = #{su_addr}, SU_PHONE = #{su_phone}, SU_ITEM = #{su_item}, SU_MGR = #{su_mgr} 
			WHERE SU_TAXID = #{su_taxid}
	</update>
	
	<select id="supplierSearch" parameterType="java.lang.String" resultType="com.essence.erp.dto.SupplierDTO">
		SELECT * FROM SUPPLIER 
		<where>
		<if test="su_name != null and su_name != ''">
			SU_NAME like '%'||#{su_name}||'%' 
		</if>
		 </where>
	</select>

</mapper>