<?xml version="1.0" encoding="UTF-8"?>
<!DOCTYPE tiles-definitions PUBLIC
       "-//Apache Software Foundation//DTD Tiles Configuration 2.1//EN"
       "http://tiles.apache.org/dtds/tiles-config_2_1.dtd">

<tiles-definitions>
	<definition name="home.*" template="/WEB-INF/views/{1}.jsp">
	</definition>
	
	<definition name="hq.*.*" template="/WEB-INF/views/hq/template/layout.jsp">
		<put-attribute name="header" value="/WEB-INF/views/hq/template/header.jsp" />
		<put-attribute name="footer" value="/WEB-INF/views/hq/template/footer.jsp" />
		<put-attribute name="content" value="/WEB-INF/views/hq/{1}/{2}.jsp" />
		<!-- <put-attribute name="title" value="kosta109" /> -->
		<!-- <put-attribute name="css" value="{2}.css" /> -->		
	</definition>
	
	<definition name="hq_aside.*.*" template="/WEB-INF/views/hq/template/layout_aside.jsp">
		<put-attribute name="header" value="/WEB-INF/views/hq/template/header.jsp" />
		<put-attribute name="footer" value="/WEB-INF/views/hq/template/footer.jsp" />
		<put-attribute name="content" value="/WEB-INF/views/hq/{1}/{2}.jsp" />
		<put-attribute name="aside" value="/WEB-INF/views/hq/{1}/aside.jsp" />
		<!-- <put-attribute name="title" value="kosta109" /> -->
		<!-- <put-attribute name="css" value="{2}.css" /> -->		
	</definition>
	
	<definition name="st.*.*" template="/WEB-INF/views/st/template/layout.jsp">
		<put-attribute name="header" value="/WEB-INF/views/st/template/header.jsp" />
		<put-attribute name="footer" value="/WEB-INF/views/st/template/footer.jsp" />
		<put-attribute name="content" value="/WEB-INF/views/st/{1}/{2}.jsp" />
		<!-- <put-attribute name="title" value="kosta109" /> -->
		<!-- <put-attribute name="css" value="{2}.css" /> -->		
	</definition>
	
	<definition name="st_aside.*.*" template="/WEB-INF/views/st/template/layout_aside.jsp">
		<put-attribute name="header" value="/WEB-INF/views/st/template/header.jsp" />
		<put-attribute name="footer" value="/WEB-INF/views/st/template/footer.jsp" />
		<put-attribute name="content" value="/WEB-INF/views/st/{1}/{2}.jsp" />
		<put-attribute name="aside" value="/WEB-INF/views/st/{1}/aside.jsp" />
		<!-- <put-attribute name="title" value="kosta109" /> -->
		<!-- <put-attribute name="css" value="{2}.css" /> -->		
	</definition>
	
	<definition name="fullscreen.*.*.*" template="/WEB-INF/views/{1}/{2}/{3}.jsp">
	</definition>
	
	
</tiles-definitions>