<?xml version="1.0" encoding="UTF-8"?>
<!DOCTYPE mapper
    PUBLIC "-//mybatis.org//DTD Mapper 3.0//EN"
    "http://mybatis.org/dtd/mybatis-3-mapper.dtd">
<mapper namespace="edu.kosta.model.dto.ur.wishlist.WishlistDAO">
	<!-- 위시리스트 입력 -->
	<insert id="Wishlist_insert" parameterType="edu.kosta.model.dto.ur.wishlist.WishlistDTO">
		INSERT INTO
		WISHLIST(W_LIST_NUM, USER_ID, PIC_URL,
		ITEM_NAME,ITEM_NUM,UNIT_PRICE,SELL_PRICE)
		VALUES( (SELECT
		NVL(MAX(W_LIST_NUM),0)+1 FROM WISHLIST),#{user_id},
		#{pic_url},#{item_name},#{item_num},#{unit_price},#{sell_price})
	</insert>

	<!-- 위시리스트 가져오기 -->
	<select id="Wishlist_list" parameterType="hashmap"
		resultType="edu.kosta.model.dto.ur.wishlist.WishlistDTO">
		SELECT * FROM WISHLIST WHERE USER_ID=#{user_id} ORDER BY
		W_LIST_NUM DESC
	</select>

	<!-- 리뷰 게시물 삭제 -->
	<delete id="Wishlist_delete" parameterType="edu.kosta.model.dto.ur.wishlist.WishlistDTO">
		DELETE FROM WISHLIST
		WHERE W_LIST_NUM = #{w_list_num}
	</delete>

	<!-- 아이템 디테일에서 위시리스트 삭제 -->
	<delete id="wishlist_itemDetail_delete" parameterType="hashmap">
		DELETE
		FROM WISHLIST WHERE USER_ID = #{user_id} AND ITEM_NUM = #{item_num}
	</delete>

	<!-- 위시리스트에서 해당 유저 아이디가 등록한 리스트만 출력 -->
	<select id="Wishlist_list_page" parameterType="hashmap"
		resultType="edu.kosta.model.dto.ur.wishlist.WishlistDTO">
		SELECT * FROM
		(SELECT A.*,ROWNUM R FROM
		(SELECT * FROM WISHLIST WHERE USER_ID=#{user_id} ORDER BY W_LIST_NUM DESC) A
		)
		WHERE R >= #{start} AND R &lt;= #{end}
	</select>

	<!-- 리뷰에 등록된 전체 게시물 가져오기 -->
	<select id="wishlist_getCount" parameterType="String" resultType="Integer">
		SELECT COUNT(*) FROM WISHLIST WHERE USER_ID=#{user_id}
	</select>
</mapper>