<?xml version="1.0" encoding="UTF-8"?>
<!DOCTYPE mapper
    PUBLIC "-//mybatis.org//DTD Mapper 3.0//EN"
    "http://mybatis.org/dtd/mybatis-3-mapper.dtd">

<mapper namespace="edu.kosta.model.dto.ur.bankbook.BankBookDAO">
	<select id="getBankBookList" parameterType="hashmap"
		resultType="edu.kosta.model.dto.ur.bankbook.BankBookDTO">
		SELECT DAY,OUTCOME_TITLE,OUTCOME,INCOME_TITLE,INCOME,REMAIN_PRICE FROM
		(SELECT A.*,ROWNUM R FROM(
		SELECT TO_CHAR(BANKDATE,'YYYY-MM-DD')
		DAY,OUTCOME_TITLE,OUTCOME,INCOME_TITLE,INCOME,REMAIN_PRICE FROM
		BANKBOOK
		where (to_char(bankdate,'yyyy-mm-dd') = to_char(sysdate,'yyyy-mm-dd'))
		order by bankdate desc
		) a)
		where r >= #{start} AND R &lt;= #{end}
	</select>

	<select id="getBankBook_Day_Search" parameterType="hashmap"
		resultType="edu.kosta.model.dto.ur.bankbook.BankBookDTO">
		SELECT DAY,OUTCOME_TITLE,OUTCOME,INCOME_TITLE,INCOME,REMAIN_PRICE FROM
		(SELECT A.*,ROWNUM R FROM (
		SELECT TO_CHAR(BANKDATE,'YYYY-MM-DD')
		DAY,OUTCOME_TITLE,OUTCOME,INCOME_TITLE,INCOME,REMAIN_PRICE FROM
		BANKBOOK
		WHERE (TO_CHAR(BANKDATE,'YYYY-MM-DD') = #{day}) ORDER BY BANKDATE DESC
		) A )
		WHERE R >= #{start} AND R &lt;= #{end}
	</select>

	<select id="getBankBook_Month_Search" parameterType="hashmap"
		resultType="edu.kosta.model.dto.ur.bankbook.BankBookDTO">
		SELECT DAY,OUTCOME_TITLE,OUTCOME,INCOME_TITLE,INCOME,REMAIN_PRICE FROM
		(SELECT A.*,ROWNUM R FROM (
		SELECT TO_CHAR(BANKDATE,'YYYY-MM-DD')
		DAY,OUTCOME_TITLE,OUTCOME,INCOME_TITLE,INCOME,REMAIN_PRICE FROM
		BANKBOOK
		WHERE (TO_CHAR(BANKDATE,'YYYY-MM') = #{day}) ORDER BY BANKDATE DESC
		) A )
		WHERE R >= #{start} AND R &lt;= #{end}
	</select>

	<select id="getBankBook_Year_Search" parameterType="hashmap"
		resultType="edu.kosta.model.dto.ur.bankbook.BankBookDTO">
		SELECT DAY,OUTCOME_TITLE,OUTCOME,INCOME_TITLE,INCOME,REMAIN_PRICE FROM
		(SELECT A.*,ROWNUM R FROM (
		SELECT TO_CHAR(BANKDATE,'YYYY-MM-DD')
		DAY,OUTCOME_TITLE,OUTCOME,INCOME_TITLE,INCOME,REMAIN_PRICE FROM
		BANKBOOK
		WHERE (TO_CHAR(BANKDATE,'YYYY') = #{day}) ORDER BY BANKDATE DESC
		) A)
		WHERE R >= #{start} AND R &lt;= #{end}
	</select>

	<insert id="BankBook_outcome_insert" parameterType="hashmap">
		INSERT INTO BANKBOOK
		VALUES (SYSDATE,#{outcome_title},#{outcome},' ',0,(SELECT REMAIN_PRICE FROM
		(
		SELECT A.REMAIN_PRICE,ROWNUM R FROM
		(SELECT * FROM BANKBOOK ORDER BY BANKDATE DESC) A
		)WHERE R=1)-#{outcome})
	</insert>

	<insert id="BankBook_income_insert" parameterType="hashmap">
		INSERT INTO BANKBOOK
		VALUES (SYSDATE,' ',0,#{income_title},#{income},(SELECT REMAIN_PRICE FROM (
		SELECT A.REMAIN_PRICE,ROWNUM R FROM
		(SELECT * FROM BANKBOOK ORDER BY BANKDATE DESC) A
		)WHERE R=1)+#{income})
	</insert>

	<select id="getBank_book_Count" resultType="Integer"
		parameterType="String">
		SELECT COUNT(*) FROM BANKBOOK WHERE (TO_CHAR(BANKDATE,'YYYY-MM-DD') =
		TO_CHAR(SYSDATE,'YYYY-MM-DD'))
	</select>

	<select id="getBank_book_day_count" resultType="Integer"
		parameterType="String">
		SELECT COUNT(*) FROM BANKBOOK WHERE (TO_CHAR(BANKDATE,'YYYY-MM-DD') =
		#{day})
	</select>

	<select id="getBank_book_month_count" resultType="Integer"
		parameterType="String">
		SELECT COUNT(*) FROM BANKBOOK WHERE (TO_CHAR(BANKDATE,'YYYY-MM') = #{day})
	</select>

	<select id="getBank_book_year_count" resultType="Integer"
		parameterType="String">
		SELECT COUNT(*) FROM BANKBOOK WHERE (TO_CHAR(BANKDATE,'YYYY') = #{day})
	</select>


	<select id="getBankBook_total_list" resultType="edu.kosta.model.dto.ur.bankbook.BankBookDTO">
		select remain_price from BANKBOOK order by bankdate asc
	</select>
</mapper>   