<?xml version="1.0" encoding="UTF-8"?>
<!DOCTYPE mapper
     PUBLIC "-//mybatis.org//DTD Mapper 3.0//EN"
     	"http://mybatis.org/dtd/mybatis-3-mapper.dtd">

<mapper namespace="edu.kosta.model.dto.user.UserDAO">
	<!-- 회원가입 -->
	<insert id="insertJoin" parameterType="edu.kosta.model.dto.user.UserDTO">
		INSERT INTO
		USER_ACCOUNT(USER_ID,USER_PWD,M_NAME,B_NAME,M_BIRTHDAY,B_BIRTHDAY,PHONE,EMAIL,POSTCODE,ADDRESS1,ADDRESS2,B_GENDER)
		VALUES(#{user_id}, #{user_pwd}, #{m_name}, #{b_name}, #{m_birthday},
		#{b_birthday,jdbcType=DATE}, #{phone}, #{email},
		#{postcode},#{address1},#{address2}, #{b_gender})
	</insert>

	<select id="getLoginCheck" resultType="edu.kosta.model.dto.user.UserDTO"
		parameterType="edu.kosta.model.dto.user.UserDTO">
		SELECT * FROM USER_ACCOUNT WHERE USER_ID=#{user_id} AND USER_PWD=#{user_pwd}
	</select>

	<!-- 아이디 중복검사 -->
	<select id="confirmId" resultType="edu.kosta.model.dto.user.UserDTO"
		parameterType="edu.kosta.model.dto.user.UserDTO">
		SELECT * FROM USER_ACCOUNT WHERE USER_ID=#{user_id}
	</select>

	<!-- 회원정보 수정 -->
	<update id="userUpdate" parameterType="edu.kosta.model.dto.user.UserDTO">
		UPDATE USER_ACCOUNT SET USER_PWD=#{user_pwd}, PHONE=#{phone},
		EMAIL=#{email},
		POSTCODE=#{postcode},ADDRESS1=#{address1},ADDRESS2=#{address2} WHERE
		USER_ID=#{user_id}
	</update>

	<!-- 모든 회원정보 출력 -->
	<select id="userAllSelect" resultType="edu.kosta.model.dto.user.UserDTO">
		SELECT * FROM USER_ACCOUNT
	</select>

	<!-- 아이디에 따른 회원정보 출력 -->
	<select id="userSelect" resultType="edu.kosta.model.dto.user.UserDTO"
		parameterType="String">
		SELECT * FROM USER_ACCOUNT WHERE USER_ID=#{user_id}
	</select>

	<!-- 회원삭제 -->
	<delete id="userDelete" parameterType="String">
		DELETE FROM USER_ACCOUNT WHERE USER_ID=#{user_id}
	</delete>

	<!-- 관리자 로그인시 아이디와 비밀번호 확인 -->
	<select id="getAdminLoginCheck" resultType="edu.kosta.model.dto.admin.AdminDTO"
		parameterType="edu.kosta.model.dto.admin.AdminDTO">
		SELECT * FROM ADMIN WHERE ADMIN_ID=#{admin_id} AND
		ADMIN_PWD=#{admin_pwd}
	</select>

	<select id="getNewOrderCount" resultType="Integer" parameterType="String">
		SELECT COUNT(*) FROM
		ORDERS
		WHERE USER_ID=#{user_id} AND O_STATE=0
	</select>

	<select id="getCancelOrderCount" resultType="Integer" parameterType="String">
		SELECT COUNT(*) FROM
		ORDERS
		WHERE USER_ID=#{user_id} AND O_STATE=4
	</select>
</mapper>
