<?xml version="1.0" encoding="utf-8"?>
  <!DOCTYPE tiles-definitions PUBLIC
       "-//Apache Software Foundation//DTD Tiles Configuration 2.1//EN"
       "http://tiles.apache.org/dtds/tiles-config_2_1.dtd">
       
<tiles-definitions>
	 <!-- return home.index -->
	 <definition name="*.*.*" template="/WEB-INF/views/home.jsp">
	 	<put-attribute name="header"  value="/WEB-INF/views/front/main/header.jsp"></put-attribute>
 	 	<put-attribute name="nav"  value="/WEB-INF/views/{1}/main/nav.jsp"></put-attribute>
	 	<put-attribute name="article" value="/WEB-INF/views/{1}/{2}/{3}.jsp"></put-attribute>
		<put-attribute name="footer"  value="/WEB-INF/views/front/main/footer.jsp"></put-attribute>
		
	 </definition>
	 <!-- return *.* -->
	 <!-- <definition name="*.*" template="/WEB-INF/views/{1}/inc/layout.jsp">
		<put-attribute name="title"   value="kosta notice list" />
		<put-attribute name="header"  value="/WEB-INF/views/inc/header.jsp" />
		<put-attribute name="css"     value="{2}.css"/>
		<put-attribute name="footer"  value="/WEB-INF/views/inc/footer.jsp" />
		<put-attribute name="aside"   value="/WEB-INF/views/{1}/inc/aside.jsp" />
		<put-attribute name="visual"  value="/WEB-INF/views/{1}/inc/visual.jsp" />
		<put-attribute name="content" value="/WEB-INF/views/{1}/{2}.jsp" />
	</definition>  -->
</tiles-definitions>







