<?xml version="1.0" encoding="UTF-8"?>
<!DOCTYPE mapper
   PUBLIC "-//mybatis.org//DTD Mapper 3.0//EN"
   "http://mybatis.org/dtd/mybatis-3-mapper.dtd">
<!-- myBatis -->

<mapper namespace="com.kosta.project.dao.IAdmin_Consumer_relationDao">
	<select id="check_out_all" resultType="com.kosta.project.dto.CheckOutDTO">
 		select * from check_out where c_status=1
 	</select>
	<select id="delivery_all" resultType="com.kosta.project.dto.DeliveryToCustomerDTO">
 		select * from delivery_to_customer where d_status=1
 	</select>
 	<update id="updateCheck_Out">
 		update check_out set c_status=2 where c_orderNum = #{_c_orderNum}
 	</update>
 	
 	<update id="updateDelivery">
 		update delivery_to_customer set d_status=2 where d_orderNum = #{_d_orderNum}
 	</update>
 	
 	<select id="findCnoCount" resultType="com.kosta.project.dto.CheckOutDTO">
 		select * from check_out where c_orderNum = #{_d_orderNum}
 	</select>
 	
 	<update id="updateStock">
 		update stockManage set product_totalCount= product_totalCount - #{_count} where product_id = #{_c_no}
 	</update>
 	
 	<select id="search" resultType="com.kosta.project.dto.DeliveryToCustomerDTO" parameterType="java.util.HashMap">
		select B.*, ROWSEQ from(select A.*,ROWNUM as ROWSEQ from(select * from delivery_to_customer 
		<where>
		<if test="orderStatus !=''">
			and d_status like #{orderStatus}		
		</if>  
		<if test="searchby !=''">
			and id like #{searchby}
		</if>
		<if test="dataFrom!='' and dataTo==''">
			or reg_date &gt; #{dataFrom}
		</if>
		<if test="dataFrom=='' and dataTo!=''">
			or reg_date &lt; #{dataTo}
		</if>
		<if test="dataFrom!='' and dataTo!=''">
			or reg_date &gt; #{dataFrom} and reg_date &lt; #{dataTo}
		</if>
		
		</where> 
		order by reg_date desc)A where d_status between 1 and 3)B where ROWSEQ>=#{start} and ROWSEQ &lt;=#{end}
	</select>
	
	<select id="searchcount" resultType="java.lang.Integer" parameterType="java.util.HashMap">
		select count(*) from delivery_to_customer 
		<where>
		<if test="orderStatus !=''">
			and d_status like #{orderStatus}		
		</if>  
		<if test="searchby !=''">
			and id like #{searchby}
		</if>
		<if test="dataFrom!='' and dataTo==''">
			and reg_date &gt; #{dataFrom}
		</if>
		<if test="dataFrom=='' and dataTo!=''">
			and reg_date &lt; #{dataTo}
		</if>
		<if test="dataFrom!='' and dataTo!=''">
			and reg_date &gt; #{dataFrom} and reg_date &lt; #{dataTo}
		</if>	
			 and d_status >0
		</where>
		
	</select>
	<select id="newordercount" resultType="java.lang.Integer">
		select count(*) from delivery_to_customer where d_status=1
	</select>
	
	<select id="check_out_by" resultType="com.kosta.project.dto.CheckOutDTO">
 		select * from check_out where c_orderNum=#{orderNum}
 	</select>
	<select id="delivery_by" resultType="com.kosta.project.dto.DeliveryToCustomerDTO">
 		select * from delivery_to_customer where d_orderNum=#{orderNum}
 	</select>
	
</mapper>