<?xml version="1.0" encoding="UTF-8"?>
<!DOCTYPE mapper
   PUBLIC "-//mybatis.org//DTD Mapper 3.0//EN"
   "http://mybatis.org/dtd/mybatis-3-mapper.dtd">
<!-- myBatis -->
<mapper namespace="com.kosta.project.dao.IAdmin_farm_orderDao">
     <insert id="insertProductOrder" parameterType="com.kosta.project.dto.AdminFarmOrderDTO">
     insert into admin_farmer_Order(seq_ordernum, orderCount, orderPrice, orderDate, farm_id, farm_Pid, farm_Pname, admin_id, order_ok, farm_Pcategory, farm_unit)
     values(seq_ordernum.nextval, #{orderCount},#{orderPrice},sysdate,#{farm_id},#{farm_Pid},#{farm_Pname},#{admin_id},'N',#{farm_Pcategory}, #{farm_unit})
    </insert>
    <select id="selectOrderAll" resultType="com.kosta.project.dto.AdminFarmOrderDTO" parameterType="java.util.HashMap">
       select * from (select A.*,ROWNUM r from(select * from admin_farmer_Order where farm_id = #{farm_id} and order_ok ='N') A) where r>=#{start} and r &lt;= #{end}
       
    </select>
    
    <select id="OrderListCount" resultType="Integer">
       select count(*) from admin_farmer_Order where farm_id=#{farm_id} and order_ok='N'
    </select>
    
    
    <update id="updateOrderOk" parameterType="Integer">
       update admin_farmer_Order set order_ok = 'Y', okDate = sysdate where seq_ordernum = #{seq_ordernum}
    </update>
    <select id="selectOrderOkAll" resultType="com.kosta.project.dto.AdminFarmOrderDTO" parameterType="java.util.HashMap">
       select * from (select A.*,ROWNUM r from(select * from admin_farmer_Order where farm_id = #{farm_id} and order_ok !='N') A) where r>=#{start} and r &lt;= #{end}
    </select>
    <select id="OrderOkListCount" resultType="Integer">
       select count(*) from admin_farmer_Order where farm_id=#{farm_id} and order_ok !='N'
    </select>
    
    
    <select id="adminOrderAllY" resultType="com.kosta.project.dto.AdminFarmOrderDTO" parameterType="com.kosta.project.dto.AdminFarmOrderDTO">
       select * from (select A.*, rownum r from(select * from admin_farmer_Order where order_ok='Y' order by seq_ordernum) A) where r between #{start} and #{end}
    </select>
    <update id="updateStockOk">
       update admin_farmer_Order set order_ok = 'ok' where seq_ordernum = #{seq_ordernum}
    </update>
    <select id="adminOrderAllList" resultType="com.kosta.project.dto.AdminFarmOrderDTO">
       select * from (select A.*, rownum r from(select * from admin_farmer_Order order by order_ok) A) where r between #{start1} and #{end1}
    </select>
    <select id="adminOrderCountY" resultType="Integer">
       select count(*) from admin_farmer_Order where order_ok='Y'
    </select>
    <select id="adminOrderCountAll" resultType="Integer">
       select count(*) from admin_farmer_Order
    </select>
</mapper>