<?xml version="1.0" encoding="UTF-8"?>
<!DOCTYPE mapper
   PUBLIC "-//mybatis.org//DTD Mapper 3.0//EN"
   "http://mybatis.org/dtd/mybatis-3-mapper.dtd">
   
<!-- myBatis -->
<mapper namespace="com.kosta.project.dao.ICookDetailDao">
   <!-- 목록보기 -->
   <select id="cookList" resultType="com.kosta.project.dto.CookRecipeDto">
      select * from cook_recipe where k_no = #{_k_no}
   </select>
   
   <select id="cookreviewList" resultType="com.kosta.project.dto.CookReviewDto">
      select * from cookrecipe_review where kr_no = #{_kr_no}
   </select>
   
   <select id="searchOnePage" resultType="com.kosta.project.dto.CookReviewDto">
      select B.*, rowseq from (
      select A.*, rownum as rowseq from(
      select * from cookrecipe_review where kr_no = #{_kr_no} 
      order by reg_date desc
      )A )B where rowseq between #{_startRow} and #{_endRow}
   </select>
   
   <insert id="insertReview3" parameterType="com.kosta.project.dto.CookReviewDto">
      insert into cookrecipe_review(kr_no, id, score, kr_review, kr_title) values (#{kr_no}, #{id}, #{score}, #{kr_review}, #{kr_title})
   </insert>
   
   <update id="updateHit">
         update cook_recipe set k_hit = k_hit + 1 where k_no = #{_k_no}
   </update>
   
   <select id="findHot_no" resultType="com.kosta.project.dto.LikeDTO">
         select k_no, rownum from (select k_no from cook_recipe order by k_like desc) where rownum between 1 and 3
   </select>
</mapper>