<?xml version="1.0" encoding="UTF-8"?>
<!DOCTYPE mapper
   PUBLIC "-//mybatis.org//DTD Mapper 3.0//EN"
   "http://mybatis.org/dtd/mybatis-3-mapper.dtd">
<!-- myBatis -->

<mapper namespace="com.kosta.project.dao.IDealDao">
    <select id="dealList" resultType="com.kosta.project.dto.DeliveryToCustomerDTO">
         select * from delivery_to_customer where reg_date &gt;= #{_startRegdate} and reg_date &lt;= #{_endRegdate}
     </select>
     
     <select id="findMonth" resultType="java.util.Date">
        select sysdate from dual
     </select>
     
     <select id="listSearch" resultType="com.kosta.project.dto.DeliveryToCustomerDTO">
            select * from delivery_to_customer
         <where>
            <if test="_startRegdate!='' and _endRegdate!=''">
            (reg_date &gt;= #{_startRegdate} and reg_date &lt;= #{_endRegdate})
         </if>
         <if test="_startRegdate!='' and _endRegdate==''">
            (reg_date &gt;= #{_startRegdate})
         </if>
         <if test="_startRegdate=='' and  _endRegdate!=''">
            (reg_date &lt;= #{_endRegdate})
         </if> 
         
         
         <if test="_startRegdate=='' and  _endRegdate==''">
            <if test="_searchKeyword != null">
                (d_orderNum like '%' || #{_searchKeyword} || '%') or (d_total_price like '%' || #{_searchKeyword} || '%') or (id like '%' || #{_searchKeyword} || '%')
             </if>
         </if>
         <if test="_startRegdate!='' and _endRegdate!='' || _startRegdate!='' and _endRegdate=='' || _startRegdate=='' and  _endRegdate!=''">
            and (
            <if test="_searchKeyword != null">
                (d_orderNum like '%' || #{_searchKeyword} || '%') or (d_total_price like '%' || #{_searchKeyword} || '%') or (id like '%' || #{_searchKeyword} || '%')
             </if>
             )
         </if>
         </where>
     </select>
     
     <!-- 판매자 정산 검색 전체선택 -->
<select id="sellerSearch" resultType="com.kosta.project.dto.DealSellerDTO">
   select seq_ordernum as ordernum, rtp_no as orderCode, 
          rtp_count as orderCount, rtp_totalPrice as orderPrice, mart_name as orderId, rtp_regdate as orderDate
   from recipe_theme_order
         <where>
               <if test="searchKeyword != null">
                (seq_ordernum like '%' || #{searchKeyword} || '%' 
                or rtp_no like '%' || #{searchKeyword} || '%' 
                or rtp_count like '%' || #{searchKeyword} || '%' 
                or rtp_totalPrice like '%' || #{searchKeyword} || '%')
             </if>
             <if test="searchKeyword != null and (startRegdate!='' or endRegdate!='')">
                and
             </if>
               <if test="startRegdate!='' and endRegdate!=''">
                  (rtp_regdate &gt;= #{startRegdate} and rtp_regdate &lt;= #{endRegdate})
               </if>
               <if test="startRegdate!='' and endRegdate==''">
                  (rtp_regdate &gt;= #{startRegdate})
               </if>
               <if test="startRegdate=='' and  endRegdate!=''">
                  (rtp_regdate &lt;= #{endRegdate})
               </if>
            </where>

union all

         select seq_ordernum as ordernum, farm_Pid as orderCode, orderCount,
                orderPrice, farm_id as orderId, okDate as orderDate
         from admin_farmer_Order   
            <where>
               order_ok = 'ok'
               <if test="searchKeyword != null or startRegdate!='' or endRegdate!=''">
                  and
               </if>
               <if test="searchKeyword != null">
                (seq_ordernum like '%' || #{searchKeyword} || '%' 
                or farm_Pid like '%' || #{searchKeyword} || '%' 
                or orderCount like '%' || #{searchKeyword} || '%' 
                or orderPrice like '%' || #{searchKeyword} || '%'
                or farm_id like '%' || #{searchKeyword} || '%')
             </if>
             <if test="searchKeyword != null and (startRegdate!='' or endRegdate!='')">
                and
             </if>
               <if test="startRegdate!='' and endRegdate!=''">
                  (okDate &gt;= #{startRegdate} and okDate &lt;= #{endRegdate})
               </if>
               <if test="startRegdate!='' and endRegdate==''">
                  (okDate &gt;= #{startRegdate})
               </if>
               <if test="startRegdate=='' and  endRegdate!=''">
                  (okDate &lt;= #{endRegdate})
               </if>
            </where>
   </select>
   
   <select id="sellerDealAll" resultType="com.kosta.project.dto.DealSellerDTO">
   select seq_ordernum as ordernum, rtp_no as orderCode, 
          rtp_count as orderCount, rtp_totalPrice as orderPrice, mart_name as orderId, rtp_regdate as orderDate
   from recipe_theme_order where rtp_regdate &gt;= #{_startRegdate} and rtp_regdate &lt;= #{_endRegdate}
         
   union all

         select seq_ordernum as ordernum, farm_Pid as orderCode, orderCount,
                orderPrice, farm_id as orderId, okDate as orderDate
         from admin_farmer_Order   
         where order_ok = 'ok' and (okDate &gt;= #{_startRegdate} and okDate &lt;= #{_endRegdate})
   </select>
   
   <!-- 판매자 개인페이지에서 정산보기 -->
   <select id="sellerDealID" resultType="com.kosta.project.dto.AdminFarmOrderDTO">
         select * from admin_farmer_Order 
         where farm_id=#{_id} and order_ok='ok' and (okDate &gt;= #{_startRegdate} and okDate &lt;= #{_endRegdate})
     </select>
     <select id="sellerSearchID" resultType="com.kosta.project.dto.AdminFarmOrderDTO">
     	select * from admin_farmer_Order
     	<where>
               order_ok = 'ok' and farm_id=#{farm_id}
               <if test="searchKeyword != null or startRegdate!='' or endRegdate!=''">
                  and
               </if>
               <if test="searchKeyword != null">
                (seq_ordernum like '%' || #{searchKeyword} || '%' 
                or farm_Pid like '%' || #{searchKeyword} || '%' 
                or orderCount like '%' || #{searchKeyword} || '%' 
                or orderPrice like '%' || #{searchKeyword} || '%'
                or farm_Pname like '%' || #{searchKeyword} || '%')
             </if>
             <if test="searchKeyword != null and (startRegdate!='' or endRegdate!='')">
                and
             </if>
               <if test="startRegdate!='' and endRegdate!=''">
                  (okDate &gt;= #{startRegdate} and okDate &lt;= #{endRegdate})
               </if>
               <if test="startRegdate!='' and endRegdate==''">
                  (okDate &gt;= #{startRegdate})
               </if>
               <if test="startRegdate=='' and  endRegdate!=''">
                  (okDate &lt;= #{endRegdate})
               </if>
            </where>
     </select>
   
</mapper>