<?xml version="1.0" encoding="UTF-8"?>
<!DOCTYPE mapper
    PUBLIC "-//mybatis.org//DTD Mapper 3.0//EN"
    "http://mybatis.org/dtd/mybatis-3-mapper.dtd">
    
    <mapper namespace="com.kosta.project.dao.IMypageOrderListDao">
       <select id="list" resultType="com.kosta.project.dto.CheckOutDTO" parameterType="java.util.HashMap">
          select * from (select A.*,ROWNUM r from(select * from check_out order by n_no desc) A) where r>=#{start} and r &lt;= #{end}
       </select>
       <select id="idselectAll" resultType="com.kosta.project.dto.CheckOutDTO" parameterType="java.util.HashMap">
            select B.*, ROWSEQ from(select A.*,ROWNUM as ROWSEQ from
            (select c.c_orderNum, c.c_no, c.c_name,c.id, c.reg_date,c.c_price, c.count, c.name, c.c_address, c.c_zip_code,c.c_phone,c.c_status 
             from check_out c, delivery_to_customer d
            
               <where>
                  c.c_orderNum=d.d_orderNum 
                  <if test="searchData !=''">
                     and c.c_orderNum like #{searchData}
                  </if>
                  <if test="dateFrom!='' and dateTo==''">
                  and c.reg_date &gt; #{dateFrom}
               </if>
               <if test="dateFrom=='' and dateTo!=''">
                  and c.reg_date &lt; #{dateTo}
               </if>
               <if test="dateFrom!='' and dateTo!=''">
                  and c.reg_date &gt; #{dateFrom} and c.reg_date &lt; #{dateTo}
               </if>
                  
               </where> 
               
         order by c.reg_date desc)A)B where (ROWSEQ between #{start} and #{end}) and id=#{id}
       </select>
       
       <select id="getidselectAll_Count" resultType="java.lang.Integer" parameterType="java.util.HashMap">
      select count(*) from (select c.c_orderNum, c.c_no, c.c_name,c.id, c.reg_date,c.c_price, c.count, c.name, c.c_address, c.c_zip_code,c.c_phone,c.c_status 
             from check_out c, delivery_to_customer d
            
               <where>
                  c.c_orderNum=d.d_orderNum 
                  <if test="searchData !=''">
                     and c.c_orderNum like #{searchData}
                  </if>
                  <if test="dateFrom!='' and dateTo==''">
                  and c.reg_date &gt; #{dateFrom}
               </if>
               <if test="dateFrom=='' and dateTo!=''">
                  and c.reg_date &lt; #{dateTo}
               </if>
               <if test="dateFrom!='' and dateTo!=''">
                  and c.reg_date &gt; #{dateFrom} and c.reg_date &lt; #{dateTo}
               </if>
                  
               </where> 
               
           ) where id=#{id}
      </select>
      
      <!-- 구매확정시 -->
      <update id="orderconfirm" parameterType="String">
         update delivery_to_customer set d_status=3 where d_orderNum=#{orderNum}
      </update>
      <update id="orderconfirm_c_status" parameterType="String">
         update check_out set c_status=4 where c_orderNum=#{orderNum}
      </update>
      
      
      <delete id="chkout_cancel">
         delete check_out where c_orderNum=#{c_orderNum}
      </delete>
      <delete id="delivery_cancel">
         delete delivery_to_customer where d_orderNum=#{d_orderNum}
      </delete>
      
      <!--  취소요청시 -->
      <update id="cancelrequest" parameterType="String">
         update check_out set c_status=3 where c_orderNum=#{orderNum}
      </update>
   
      <update id="cancelrequest2" parameterType="String">
         update delivery_to_customer set d_status=4 where d_orderNum=#{orderNum}
      </update>
      
       </mapper>
    