<?xml version="1.0" encoding="UTF-8"?>
<!DOCTYPE mapper
		PUBLIC "-//mybatis.org//DTD Mapper 3.0//EN"
			"http://mybatis.org/dtd/mybatis-3-mapper.dtd">

<mapper namespace="com.kosta.project.dao.IRevenueDao">
	<select id="expendEtcSumPerMonth" resultType="com.kosta.project.dto.ExpendEtcSumPerMonthDTO">	
		select substr(ee_date,1,7) as ee_date, sum(ee_expend) as ee_expend, count(*) as count 
		from expendEtc group by substr(ee_date,1,7) order by substr(ee_date,1,7) desc
	</select>
	<select id="expendEtcListAboutMonth" resultType="com.kosta.project.dto.ExpendEtcDTO">	
		select * from expendEtc where substr(ee_date,1,7) = #{monthOfEe_date} order by ee_date desc
	</select>
	<select id="getDateOfEe_num" resultType="String">	
		select ee_date from expendEtc where ee_num = #{ee_num}
	</select>
	<select id="getSalaryList" resultType="com.kosta.project.dto.SalaryDTO">	
		select * from  salary order by s_date asc
	</select>
	<select id="getSalaryExistE_numANDE_name" resultType="com.kosta.project.dto.SalaryDTO">	
		select distinct(e_num), e_name  from  salary order by e_num asc
	</select>
	<select id="expendBuyInFarmAboutOkDate" resultType="com.kosta.project.dto.AdminFarmOrderDTO">	
  		select * 
		from admin_farmer_Order  where order_ok ='ok' and to_char(okDate,'yyyy/mm') =#{okDate} order by okDate desc 
   	</select>
	<select id="expendBuyInFarm" resultType="com.kosta.project.dto.AdminFarmOrderDTO">	
		 	select sum(a.orderPrice) as orderPrice,  to_char(a.okDate,'yyyy/mm') as okDate 
			from admin_farmer_Order a   where order_ok ='ok'  group by  to_char(a.okDate,'yyyy/mm') 
	   		order by  to_char(a.okDate,'yyyy/mm') desc 
	</select>
	<select id="expendBuyInMARTAboutMart_orderdate" resultType="com.kosta.project.dto.AdminMartOrderDTO">	
  			select *
			from admin_mart_Order where  to_char(mart_orderdate,'yyyy/mm') =#{mart_orderDate} order by mart_orderdate desc 
	</select>
	<select id="expendBuyInMart" resultType="com.kosta.project.dto.AdminMartOrderDTO">	
		 select sum(mart_orderprice) as mart_orderPrice ,  to_char(a.mart_orderdate,'yyyy/mm') as mart_orderDate 
 		  from admin_mart_Order a group by to_char(a.mart_orderdate,'yyyy/mm') order by to_char(a.mart_orderdate,'yyyy/mm') desc
  	</select>
	<select id="getAdminOrder" resultType="com.kosta.project.dto.AdminOrderDTO">	
	 	select  to_char(ou.aDate,'yyyy/mm')  as a_date, sum(aPrice) as a_price, count(*) as a_count
      	from (
          select orderPrice as aPrice,okDate as aDate from admin_farmer_Order
          union all
          select mart_orderprice as aPrice, mart_orderdate as aDate from admin_mart_Order
        ) ou
        group by to_char(ou.aDate,'yyyy/mm') order by to_char(ou.aDate,'yyyy/mm') desc
	</select>
  	<select id="getAdminOrderAboutDate" resultType="com.kosta.project.dto.AdminOrderDTO">	
	 select  aDate as a_date, aPrice as a_price ,aWhere as a_where, aKind as a_kind,apunit as a_unit, apcount as a_pcount, apname  as a_name 
      from (
          select orderPrice as aPrice,okDate as aDate, farm_id||'(농장id)' as aWhere,
          '농장' as Akind , FARM_PID AS apid, FARM_PNAME as  apname, ORDERCOUNT as apcount,
          FARM_UNIT as apunit from admin_farmer_Order
          union all
          select mart_orderprice as aPrice, mart_orderdate as aDate , mart_name as aWhere, 
          '마트' as Akind  , mart_PID AS apid, mart_PNAME as  apname, mart_ordercount as apcount,
          mart_UNIT as apunit   from admin_mart_Order
        ) where to_char(aDate,'yyyy/mm') = #{a_date}
        order by aDate desc
	</select>
	<select id="allIncome" resultType="com.kosta.project.dto.CheckOutDTO">	
		select  to_char(reg_date,'yyyy/mm')as reg_date, sum(c_price* count) as c_price from check_out  
		where c_status=4 group by to_char(reg_date,'yyyy/mm') order by reg_date desc
	</select>
	<select id="allIncomeAboutMonth" resultType="com.kosta.project.dto.CheckOutDTO">
		select  * from check_out where c_status=4  and to_char(reg_date,'yyyy/mm') = #{reg_date} order by reg_date desc 
	</select>
	
  	
	<insert id="addExpendEtc"> 	
		insert into ExpendEtc(ee_num, ee_date,ee_expend,ee_content,ee_expendDirector) 
		values (ee_num_seq.nextval, #{ee_date},#{ee_expend},#{ee_content},#{ee_expendDirector})
	</insert>
	
	<update id="updateExpendEtc" parameterType="com.kosta.project.dto.ExpendEtcDTO">	
		update expendEtc set ee_date= #{ee_date}, ee_expend=#{ee_expend}, ee_content=#{ee_content}, ee_expendDirector=#{ee_expendDirector}
		where ee_num =#{ee_num}
	</update>
	
	<delete id="deleteExpendEtc">	
		delete expendEtc where ee_num =#{ee_num}
	</delete>
	
</mapper>

