<?xml version="1.0" encoding="UTF-8"?>
<!DOCTYPE mapper
   PUBLIC "-//mybatis.org//DTD Mapper 3.0//EN"
   "http://mybatis.org/dtd/mybatis-3-mapper.dtd">
<!-- myBatis -->
<mapper namespace="com.kosta.project.dao.IRTPdao">
   <!-- 레시피/테마 글쓰기 p_no는 farm_Pid로 같이씁니다 자동 sequence-->
   <insert id="RTP_write" parameterType="com.kosta.project.dto.RTPdto">
      insert into
      recipe_theme_Products
      (p_title, id, p_no, p_contentFile, p_thumbFile, p_price, p_category1, p_category2, p_regdate, p_src, p_incomeRate)
      values(#{p_title}, #{id}, farm_Pid.nextval, #{p_contentFile}, #{p_thumbFile}, #{p_price}, #{p_category1}, #{p_category2}, sysdate, #{p_src}, #{p_incomeRate})
   </insert>   
   <insert id="Recipe_insert">
   		insert into recipe_table(product_id, p_no, dose, unit, product_name)
   		values(#{_product_id}, (select max(p_no) from recipe_theme_Products), #{_dose}, #{_unit}, (select product_name from stockManage where product_id = #{_product_id}))
   </insert>
   <insert id="Recipe_update">
   		insert into recipe_table(product_id, p_no, dose, unit, product_name)
   		values(#{_product_id}, #{_p_no}, #{_dose}, #{_unit}, (select product_name from stockManage where product_id = #{_product_id}))
   </insert>
   <select id="MinPrice" resultType="Integer">
   		select min(product_price) from stockManage where product_name = #{_product_name}
   </select>
   <select id="findP_no" resultType="String">
   		select max(p_no) from recipe_theme_Products
   </select>
   <!-- 레시피/테마 글삭제 -->
   <delete id="RTP_delete">
      delete recipe_theme_Products where p_no = #{p_no}
   </delete>
   <!-- 레시피/테마 p_no에 해당하는 전체 선택 -->
   <select id="RTP_selectAll" resultType="com.kosta.project.dto.RTPdto">
      select * from recipe_theme_Products where p_no=#{p_no}
   </select>
   <!-- 레시피/테마 글수정 update -->
   <update id="RTP_update" parameterType="com.kosta.project.dto.RTPdto">
      update recipe_theme_Products 
      set p_title=#{p_title}, p_contentFile=#{p_contentFile}, p_thumbFile=#{p_thumbFile}, p_price=#{p_price}, p_category1=#{p_category1}, p_category2=#{p_category2} where p_no=#{p_no} 
   </update>
   <!-- 레시피 카테고리순 리스트 SELECT recipe -->
   <select id="recipe_listAll" resultType="com.kosta.project.dto.RTPdto">
      select * from recipe_theme_Products order by p_category1
   </select>
   <!-- 레시피 카테고리별 검색 SELECT recipe p_category1 -->
   <select id="recipe_listCategory" resultType="com.kosta.project.dto.RTPdto">
      select * from recipe_theme_Products where p_category1=#{p_category1}
   </select>
   <!-- 테마 카테고리순 리스트 SELECT theme -->
   <select id="theme_listAll" resultType="com.kosta.project.dto.RTPdto">
      select * from recipe_theme_Products order by p_category2
   </select>
   <!-- 테마 카테고리별 검색 SELECT theme p_category2 -->
   <select id="theme_listCategory" resultType="com.kosta.project.dto.RTPdto">
      select * from recipe_theme_Products where p_category2=#{p_category2}
   </select>
   <!-- 페이징처리 위해 해당 페이지에 출력될 내용 뽑기 _ recipe전체 -->
   <select id="recipe_onePageList" resultType="com.kosta.project.dto.RTPdto">
      select * from(select A.*, rownum r from (select * from recipe_theme_Products order by p_category1) A) where r between #{_startRow} and #{_endRow}
   </select> 
   <!-- 페이징처리 위해 해당 페이지에 출력될 내용 뽑기 _ recipe카테고리별 -->
   <select id="recipe_onePageListCategory" resultType="com.kosta.project.dto.RTPdto">
      select * from(select A.*, rownum r from (select * from recipe_theme_Products where p_category1=#{_p_category1}) A) where r between #{_startRow} and #{_endRow}
   </select> 
   <!-- 페이징처리 위해 해당 페이지에 출력될 내용 뽑기 _ theme전체 -->
   <select id="theme_onePageList" resultType="com.kosta.project.dto.RTPdto">
      select * from(select A.*, rownum r from (select * from recipe_theme_Products order by p_category2) A) where r between #{_startRow} and #{_endRow}
   </select> 
   <!-- 페이징처리 위해 해당 페이지에 출력될 내용 뽑기 _ recipe카테고리별 -->
   <select id="theme_onePageListCategory" resultType="com.kosta.project.dto.RTPdto">
      select * from(select A.*, rownum r from (select * from recipe_theme_Products where p_category2=#{_p_category2}) A) where r between #{_startRow} and #{_endRow}
   </select> 
   <!-- 레시피 테마 테이블 전체 데이터 갯수 구하기 -->
   <select id="RTP_countAll" resultType="int">
   	select count(p_no) from recipe_theme_Products 
   </select>
   <select id="ingredientsInStock" resultType="com.kosta.project.dto.SoldOutDTO">
   	select distinct s.product_name, rtp.p_no from recipe_theme_Products rtp join recipe_table r on rtp.p_no = r.p_no join stockManage s on s.product_id = r.product_id where s.product_totalCount &gt;= r.dose and r.p_no = #{_p_no}
   </select>
   <select id="neededIngredients" resultType="com.kosta.project.dto.SoldOutDTO">
   	select distinct r.product_name, r.p_no from recipe_table r join recipe_theme_Products rtp on r.p_no = rtp.p_no where r.p_no = #{_p_no}
   </select>
   <delete id="deleteRecipeTable">
   	delete from recipe_table where p_no = #{_p_no}
   </delete>
</mapper>