<?xml version="1.0" encoding="UTF-8"?>
<!DOCTYPE mapper
   PUBLIC "-//mybatis.org//DTD Mapper 3.0//EN"
   "http://mybatis.org/dtd/mybatis-3-mapper.dtd">
<!-- myBatis -->
<mapper namespace="com.kosta.project.dao.ISellerDao">
 <insert id="insertSellerProduct" parameterType="com.kosta.project.dto.SellerDTO">
 	insert into farmInfo (farm_id, farm_Pid ,farm_Pname ,farm_Pcount, farm_Pprice, farm_Pcategory, farm_unit) 
 	values (#{farm_id},farm_Pid.nextval,#{farm_Pname},#{farm_Pcount},#{farm_Pprice}, #{farm_Pcategory}, #{farm_unit})
 </insert>
<select id="updateSellerProductView" resultType="com.kosta.project.dto.SellerDTO">
	select * from farmInfo where farm_Pid =#{farm_Pid}
</select>
<select id="alreadyUploadFarmInfo" resultType="com.kosta.project.dto.SellerDTO">
	select farm_Pid from farmInfo where farm_Pname = #{farm_Pname} and farm_Pcategory = #{farm_Pcategory} and farm_id = #{farm_id}
</select>
  <update id="updateSellerProduct" parameterType="com.kosta.project.dto.SellerDTO">
 	update farmInfo set
 	farm_Pname=#{farm_Pname} ,farm_Pcount =#{farm_Pcount}, farm_Pprice=#{farm_Pprice}, farm_Pcategory = #{farm_Pcategory}
 	where farm_Pid = #{farm_Pid}
 </update> 
 <update id="updateSellerProduct2" parameterType="com.kosta.project.dto.SellerDTO">
 	update farmInfo set farm_Pcount=#{farm_Pcount}, farm_unit=#{farm_unit}, farm_Pprice=#{farm_Pprice} where farm_Pid = #{farm_Pid}
 </update>
 <!-- 삭제하기 -->
	<delete id="deleteSellerProduct" parameterType="String">
		delete farmInfo where farm_Pid=#{farm_Pid}
	</delete>
 <select id="countSellerInfo" resultType="Integer">
    select count(*) from farmInfo where farm_id=#{farm_id}
 </select>
 <select id="selectSellerInfo" resultType="com.kosta.project.dto.SellerDTO">
    select * 
    from (select A.*, rownum as r 
          from (select * from farmInfo 
                where farm_id=#{farm_id})
          A) 
    where r between #{startRow} and #{endRow}
 </select>
 
 <!-- 테이블 전체 선택 -->
 <select id="selectAll" resultType="com.kosta.project.dto.SellerJoinFarmNameDTO">
 	select i.farm_id, n.farm_name, i.farm_Pid, i.farm_Pname, i.farm_Pcount, i.farm_Pprice, i.farm_Pcategory, i.farm_unit 
 	from farmInfo i, farmName n 
 	where i.farm_id=n.farm_id
 	order by i.farm_id desc
 </select>
 
 <update id="updateProductCount">
 	update farmInfo set
 	farm_Pcount = farm_Pcount - #{orderCount}
 	where farm_Pid = #{farm_Pid}
 </update>
</mapper>

