<?xml version="1.0" encoding="UTF-8"?>
<!DOCTYPE mapper
    PUBLIC "-//mybatis.org//DTD Mapper 3.0//EN"
    "http://mybatis.org/dtd/mybatis-3-mapper.dtd">
<mapper namespace="edu.kosta.model.dto.ur.review.ReviewDAO">
	<!-- 리뷰 입력 -->
	<insert id="Review_insert" parameterType="edu.kosta.model.dto.ur.review.ReviewDTO">
		INSERT INTO
		REVIEW(REVIEW_NUM, USER_ID, REVIEW_TITLE, REVIEW_CONTENTS,
		REVIEW_LIKE, REVIEW_IMG, REVIEW_DATE, RATING,ITEM_NUM)
		VALUES( (SELECT
		NVL(MAX(REVIEW_NUM),0)+1 FROM
		REVIEW),#{user_id},#{review_title},#{review_contents},0,0,SYSDATE,#{rating},#{item_num})
	</insert>

	<!-- 글 가져오기 -->
	<select id="getReview_List" parameterType="hashmap"
		resultType="edu.kosta.model.dto.ur.review.ReviewDTO">
		SELECT * FROM
		(SELECT A.*,ROWNUM R FROM
		(SELECT * FROM REVIEW WHERE ITEM_NUM=#{item_num} ORDER BY REVIEW_NUM DESC) A)
		WHERE R >= #{start} AND R &lt;= #{end}
	</select>

	<!-- 글 하나 가져오기 -->
	<select id="getReview" parameterType="Integer"
		resultType="edu.kosta.model.dto.ur.review.ReviewDTO">
		SELECT * FROM REVIEW WHERE REVIEW_NUM = #{review_num}
	</select>

	<!-- 리뷰에 등록된 전체 게시물 가져오기 -->
	<select id="getReview_Count" resultType="Integer" parameterType="String">
		SELECT COUNT(*) FROM REVIEW WHERE ITEM_NUM=#{item_num}
	</select>

	<!-- 리뷰 게시물 삭제 -->
	<delete id="Review_delete" parameterType="edu.kosta.model.dto.ur.review.ReviewDTO">
		DELETE FROM REVIEW
		WHERE REVIEW_NUM = #{review_num}
	</delete>
	<!-- 리뷰 글 수정 -->
	<update id="Review_update" parameterType="edu.kosta.model.dto.ur.review.ReviewDTO">
		UPDATE REVIEW SET
		REVIEW_TITLE=#{review_title}, REVIEW_CONTENTS=#{review_contents},
		REVIEW_DATE=SYSDATE, RATING = #{rating}
		WHERE REVIEW_NUM = #{review_num}
	</update>

	<!-- 리뷰 댓글 입력 -->
	<insert id="review_comment_insert" parameterType="edu.kosta.model.dto.ur.review.Review_CommentDTO">
		INSERT INTO
		REVIEW_COMMENT(R_COM_NUM, REVIEW_NUM, ADMIN_ID, R_COM_DATE,
		R_COM_CONTENTS)
		VALUES( (SELECT NVL(MAX(R_COM_NUM),0)+1 FROM
		REVIEW_COMMENT), #{review_num}, #{admin_id}, SYSDATE,
		#{r_com_contents})
	</insert>

	<!-- 리뷰 댓글 가져오기 -->
	<select id="getReview_Comment_List" parameterType="hashmap"
		resultType="edu.kosta.model.dto.ur.review.Review_CommentDTO">
		SELECT * FROM REVIEW_COMMENT WHERE REVIEW_NUM=#{review_num}
		ORDER BY REVIEW_NUM DESC
	</select>

	<!-- 리뷰 댓글 삭제 -->
	<delete id="Review_comment_delete" parameterType="edu.kosta.model.dto.ur.review.Review_CommentDTO">
		DELETE FROM
		REVIEW_COMMENT WHERE R_COM_NUM = #{r_com_num}
	</delete>
</mapper>