<?xml version="1.0" encoding="UTF-8"?>
<!DOCTYPE mapper
     PUBLIC "-//mybatis.org//DTD Mapper 3.0//EN"
     	"http://mybatis.org/dtd/mybatis-3-mapper.dtd">

<mapper namespace="edu.kosta.model.dto.humanResource.HumanResourceDAO">
	<!-- 모든 하위 ADMIN 정보 출력 -->
	<select id="adminList" resultType="edu.kosta.model.dto.humanResource.HumanResourceDTO"
		parameterType="edu.kosta.model.dto.humanResource.HumanResourceDTO">
		SELECT * FROM HUMAN_RESOURCE
	</select>

	<!-- 하위ADMIN 월급 -->
	<update id="lowAdminUpdate" parameterType="edu.kosta.model.dto.humanResource.HumanResourceDTO">
		UPDATE HUMAN_RESOURCE
		SET ADMIN_PAY=#{admin_pay},
		ADMIN_BONUS=#{admin_bonus},
		ADMIN_PAYCUT=#{admin_paycut} WHERE
		ADMIN_ID=#{admin_id}
	</update>

	<select id="getHRList" resultType="edu.kosta.model.dto.humanResource.HumanResourceDTO"
		parameterType="hashMap">
		SELECT * FROM CART
	</select>

	<insert id="insertHRList" parameterType="edu.kosta.model.dto.humanResource.HumanResourceDTO">
		INSERT INTO
		HUMAN_RESOURCE(ADMIN_ID, ADMIN_NAME, ADMIN_HIREDATE,
		ADMIN_DEPARTMENT)
		VALUES(#{admin_id}, #{admin_name},#{admin_hiredate},
		#{admin_department})
	</insert>

	<!-- 아이디에 따른 회원정보 출력 -->
	<select id="adminSelect" resultType="edu.kosta.model.dto.humanResource.HumanResourceDTO"
		parameterType="edu.kosta.model.dto.humanResource.HumanResourceDTO">
		SELECT * FROM HUMAN_RESOURCE WHERE ADMIN_ID=#{admin_id}
	</select>

	<update id="adminPayModify" parameterType="edu.kosta.model.dto.humanResource.HumanResourceDTO">
		UPDATE HUMAN_RESOURCE
		SET ADMIN_PAY=#{admin_pay} WHERE
		ADMIN_ID=#{admin_id}
	</update>

	<!-- 삭제 -->
	<delete id="hrAdminDelete" parameterType="edu.kosta.model.dto.humanResource.HumanResourceDTO">
		DELETE FROM HUMAN_RESOURCE WHERE ADMIN_ID=#{admin_id}
	</delete>

	<!-- 하위 admin 월급 지불 내역 -->
	<select id="adminPaymentList" resultType="edu.kosta.model.dto.humanResource.HumanResourceDTO"
		parameterType="edu.kosta.model.dto.humanResource.HumanResourceDTO">
		SELECT ADMIN_NAME, ADMIN_PAY FROM HUMAN_RESOURCE
	</select>
</mapper>
     	