<?xml version="1.0" encoding="UTF-8"?>
<!DOCTYPE tiles-definitions PUBLIC
       "-//Apache Software Foundation//DTD Tiles Configuration 2.1//EN"
       "http://tiles.apache.org/dtds/tiles-config_2_1.dtd">
<tiles-definitions>

	<definition name="main" template="/WEB-INF/views/layout/layout.jsp">
		<put-attribute name="header" value="/WEB-INF/views/layout/header.jsp" />
		<put-attribute name="topmenu" value="/WEB-INF/views/layout/topmenu.jsp" />
		<put-attribute name="sidemenu" value="/WEB-INF/views/layout/sidemenu.jsp" />
		<put-attribute name="content" value="/WEB-INF/views/layout/main.jsp" />
		<put-attribute name="footer" value="/WEB-INF/views/layout/footer.jsp" />
	</definition>
	
	<definition name="sidemenu.*" extends="main">
		<put-attribute name="content" value="/WEB-INF/views/{1}/main.jsp" />
		<put-attribute name="sidemenu" value="/WEB-INF/views/layout/sidemenu/{1}.jsp" />
	</definition>
	
	<definition name="*.*" extends="main">
		<put-attribute name="sidemenu" value="/WEB-INF/views/layout/sidemenu/{1}.jsp" />
		<put-attribute name="content" value="/WEB-INF/views/{1}/{2}.jsp" />
	</definition>

	<definition name="user_admin.*" extends="main">
		<put-attribute name="sidemenu" value="/WEB-INF/views/layout/sidemenu/admin.jsp" />
		<put-attribute name="content" value="/WEB-INF/views/user_admin/{1}.jsp" />
	</definition>

	<definition name="*"  template="/WEB-INF/views/popup/{1}.jsp"/>
	
</tiles-definitions>