<?xml version="1.0" encoding="UTF-8"?>
<beans xmlns="http://www.springframework.org/schema/beans"
	xmlns:xsi="http://www.w3.org/2001/XMLSchema-instance"
	xsi:schemaLocation="http://www.springframework.org/schema/beans http://www.springframework.org/schema/beans/spring-beans.xsd">

	<!-- DB -->
	<bean id="dataSource"
		class="org.springframework.jdbc.datasource.DriverManagerDataSource">
		<property name="driverClassName" value="oracle.jdbc.driver.OracleDriver" />
		<property name="url" value="jdbc:oracle:thin:@localhost:1521:xe" />
		<property name="username" value="project" />
		<property name="password" value="project" />
	</bean>

	<bean id="sqlSessionFactoryBean" class="org.mybatis.spring.SqlSessionFactoryBean">
		<property name="dataSource" ref="dataSource" />
		<property name="mapperLocations">
			<list>
				<value>classpath:/com/kosta/csm/dao/mapper/*.xml</value>
				<value>classpath:/com/kosta/csm/hq_Dao/mapper/*.xml</value>
				<value>classpath:/com/kosta/csm/st_Dao/mapper/*.xml</value>
			</list>
		</property>
	</bean>

	<bean id="sqlSession" class="org.mybatis.spring.SqlSessionTemplate">
		<constructor-arg index="0" ref="sqlSessionFactoryBean" />
	</bean>

	<bean id="multipartResolver"
		class="org.springframework.web.multipart.commons.CommonsMultipartResolver">
		<!-- maximum file size in bytes 50MB -->
		<property name="maxUploadSize" value="52428800" />
	</bean>
	
	
</beans>
