<?xml version="1.0" encoding="UTF-8"?>
<beans xmlns="http://www.springframework.org/schema/beans"
	xmlns:xsi="http://www.w3.org/2001/XMLSchema-instance" xmlns:security="http://www.springframework.org/schema/security"
	xmlns:context="http://www.springframework.org/schema/context"
	xsi:schemaLocation="http://www.springframework.org/schema/security http://www.springframework.org/schema/security/spring-security-4.0.xsd
		http://www.springframework.org/schema/beans http://www.springframework.org/schema/beans/spring-beans.xsd
		http://www.springframework.org/schema/context http://www.springframework.org/schema/context/spring-context-4.1.xsd">

	<security:http auto-config="true">
		<security:csrf disabled="true" />
		<security:form-login login-page="/"
			authentication-failure-url="/?loginFail=true" 
			default-target-url="/loginFilter" />

		<security:logout logout-success-url="/"
			invalidate-session="true" />
		
		<security:intercept-url pattern="/hq/**" access="hasRole('ROLE_ADMIN')"/>
		<security:intercept-url pattern="/st/**" access="hasRole('ROLE_USER')"/>
		
	</security:http>

	<security:authentication-manager>
		<security:authentication-provider>
			<security:jdbc-user-service
				data-source-ref="dataSource"
				users-by-username-query="select m_id, m_pwd, 1 enabled from member where m_id=?"
				authorities-by-username-query="select m.m_id, g.role_name from member m join grade g on m.m_id=g.m_id where m.m_id=?" />
		</security:authentication-provider>
	</security:authentication-manager>

</beans>
