<?xml version="1.0" encoding="UTF-8"?>
<!DOCTYPE mapper
		PUBLIC "-//mybatis.org//DTD Mapper 3.0//EN"
			"http://mybatis.org/dtd/mybatis-3-mapper.dtd">

<mapper namespace="com.kosta.csm.st_Dao.St_IAllRevenueDAO">
	<select id="detailRevenue" resultType="com.kosta.csm.vo.AllRevenue">
	<![CDATA[
		select B.* from (select C.*, rownum R from (
		   select s_Date, t_Date ,si_Sale, si_Expend, se_Expend, nvl(se_Content,'판매수익') as se_Content from 
		  ((select se_Date as s_Date , substr(se_Date,1, 7) as t_Date, null as si_Sale, null as si_Expend, se_Expend, se_Content
		  from storeExpend  where m_id = #{m_Id})  union all  
		  (select si_Date as s_Date , substr(si_Date, 1, 7) as  t_Date, si_Sale, si_Expend, null as se_Expend, null as se_Content
		  from storeincome  where m_id = #{m_Id})) where t_Date = #{s_Date} order by s_Date asc 
		) C where rownum <= #{cri.pageEnd}) B where R >= #{cri.pageStart}
		]]>
	</select>
	
	<select id="detailRevenueCount" resultType="int">
		select count(*) from 
		  ((select se_Date as s_Date , substr(se_Date,1, 7) as t_Date, null as si_Sale, null as si_Expend, se_Expend, se_Content
		  from storeExpend  where m_id = #{m_Id})  union all  
		  (select si_Date as s_Date , substr(si_Date, 1, 7) as  t_Date, si_Sale, si_Expend, null as se_Expend, null as se_Content
		  from storeincome  where m_id = #{m_Id})) where t_Date = #{s_Date} order by s_Date asc 
	</select>
	
	<select id ="allRevenue" resultType="com.kosta.csm.vo.AllRevenue">
	<![CDATA[
	select B.* from (select C.*, rownum R from (
		  select s_Date , (sum(si_Sale) - sum(si_Expend)) as si_Sale, sum(se_Expend) as se_Expend from(
		  (select  substr(se_Date,1, 7)  as s_Date, null as si_Sale, null as si_Expend, se_Expend, se_Content
		  from storeExpend where m_id = #{m_Id} )  union all  
		  (select  substr(si_Date, 1, 7)  as  s_Date, si_Sale, si_Expend, null as se_Expend, null as se_Content
		  from storeincome where m_id = #{m_Id} )
		 ) group by s_Date order by s_Date desc
	 ) C where rownum <= #{cri.pageEnd}) B where R >= #{cri.pageStart}
	 ]]>
	</select>
	
	<select id="allRevenueCount" resultType="int">
		select count(*) from (
		select s_Date , (sum(si_Sale) - sum(si_Expend)) as si_Sale, sum(se_Expend) as se_Expend from(
		  (select  substr(se_Date,1, 7)  as s_Date, null as si_Sale, null as si_Expend, se_Expend, se_Content
		  from storeExpend where m_id = #{m_Id} )  union all  
		  (select  substr(si_Date, 1, 7)  as  s_Date, si_Sale, si_Expend, null as se_Expend, null as se_Content
		  from storeincome where m_id = #{m_Id} ) order by s_Date desc
		 ) group by s_Date)
	</select>

</mapper>