<?xml version="1.0" encoding="UTF-8"?>
<!DOCTYPE mapper
		PUBLIC "-//mybatis.org//DTD Mapper 3.0//EN"
			"http://mybatis.org/dtd/mybatis-3-mapper.dtd">

<mapper namespace="com.kosta.csm.st_Dao.St_IBoardDAO">
	
	<select id="boardListCount" resultType="int">
		select count(*) from board
	</select>
	
	<select id="boardListPage" resultType="com.kosta.csm.vo.BoardVO" parameterType="com.kosta.csm.vo.Criteria">
	<![CDATA[
		select B.* from (select C.*, rownum R from 
		(select b_Num, m_Id, b_Title, b_Content, b_Path1, b_Path2, TO_CHAR(b_Date, 'YYYY-MM-DD HH:mm:ss') as b_Date, 
		b_Hit, b_Important from board order by b_Important desc, b_Num desc) 
		C where rownum <= #{pageEnd}) B where R >= #{pageStart}
	]]>
	</select>
	
	<select id="boardContent" resultType="com.kosta.csm.vo.BoardVO">
		select b_Num, m_Id, b_Title, b_Content, b_Path1, b_Path2, TO_CHAR(b_Date, 'YYYY-MM-DD HH:mm:ss') as b_Date, 
		b_Hit, b_Important from board where b_Num=#{b_Num}
	</select>

	<update id="updateReadCount">
		update board set b_Hit=b_Hit+1 where b_Num=#{b_Num}
	</update>
	
</mapper>