<?xml version="1.0" encoding="UTF-8"?>
<!DOCTYPE mapper
      PUBLIC "-//mybatis.org//DTD Mapper 3.0//EN"
         "http://mybatis.org/dtd/mybatis-3-mapper.dtd">
<mapper namespace="com.kosta.csm.st_Dao.St_IEmployeeDAO">
   <select id ="getWorkingEmployee" resultType ="com.kosta.csm.vo.StWorkingEmployee">
      select e.e_Name as e_Name,  e.e_Num as e_Num, w.wt_StartTime as wt_StartTime from member m, employee e, workingtime  w 
         where  m.m_id = e.m_id and w.e_num = e.e_num 
         and w.wt_starttime = wt_endtime and e.m_id = #{m_Id} and wt_starttime = wt_EndTime
   </select>
   
   <select id="checkExistEmployee" resultType = "Integer">
         select count(*) as count
        from employee e, member m
         where e.m_id = m.m_id  and  e.e_Num = #{e_Num} and  m.m_id = #{m_Id}
   </select>
   <select id ="getTimeList" resultType ="com.kosta.csm.vo.StWorkingEmployee">
   <![CDATA[
      select B.* from (select C.*, rownum R from (
      select e.e_Name as e_Name,  e.e_Num as e_Num, to_char(wt_StartTime,'yyyy/mm/dd hh24:mi:ss') as wt_StartTime,   to_char(wt_EndTime,'yyyy/mm/dd hh24:mi:ss') as wt_EndTime,  wt_Num 
      from member m, employee e, workingtime  w 
         where  m.m_id = e.m_id and w.e_num = e.e_num 
          and e.m_id = #{m_Id} order by w.wt_StartTime desc
          ) C where rownum <= #{cri.pageEnd}) B where R >= #{cri.pageStart}
   ]]>
   </select>
   
   <select id ="getTimeListCount" resultType ="int">
      select count(*) from (
      select e.e_Name as e_Name,  e.e_Num as e_Num, to_char(wt_StartTime,'yyyy/mm/dd/hh24/mi/ss') as wt_StartTime,   to_char(wt_EndTime,'yyyy/mm/dd/hh24/mi/ss') as wt_EndTime,  wt_Num 
      from member m, employee e, workingtime  w 
         where  m.m_id = e.m_id and w.e_num = e.e_num 
          and e.m_id = #{m_Id}
          )
   </select>
   
   <update id ="proModifyTime" >
          update workingtime 
         set  e_Num = #{e_Num} , wt_EndTime = #{to2} , wt_starttime = #{to1} 
          where wt_Num = #{wt_Num}
   </update>
   
   <select id="getTimeListDetail" resultType="com.kosta.csm.vo.EmployeeVO">
      select * from employee where e_Num = #{e_Num}
   </select>
   
   
   <select id ="employeeSearch_Num" resultType ="com.kosta.csm.vo.StWorkingEmployee">
   <![CDATA[
      select B.* from (select C.*, rownum R from (
      select e.e_Name as e_Name,  e.e_Num as e_Num, to_char(wt_StartTime,'yyyy/mm/dd hh24:mi:ss') as wt_StartTime,   to_char(wt_EndTime,'yyyy/mm/dd hh24:mi:ss') as wt_EndTime,  wt_Num 
      from member m, employee e, workingtime  w 
         where  m.m_id = e.m_id and w.e_num = e.e_num 
          and e.m_id = #{m_Id} and e.e_Num = #{employee} order by w.wt_StartTime desc
          ) C where rownum <= #{cri.pageEnd}) B where R >= #{cri.pageStart}
   ]]>
   </select>
   
   <select id ="employeeSearchCount_Num" resultType ="int">
      select count(*) from (
      select e.e_Name as e_Name,  e.e_Num as e_Num, to_char(wt_StartTime,'yyyy/mm/dd/hh24/mi/ss') as wt_StartTime,   to_char(wt_EndTime,'yyyy/mm/dd/hh24/mi/ss') as wt_EndTime,  wt_Num 
      from member m, employee e, workingtime  w 
         where  m.m_id = e.m_id and w.e_num = e.e_num 
          and e.m_id = #{m_Id} and e.e_Num = #{employee} order by w.wt_StartTime desc
          )
   </select>
   
   <select id ="employeeSearch_Name" resultType ="com.kosta.csm.vo.StWorkingEmployee">
   <![CDATA[
      select B.* from (select C.*, rownum R from (
      select e.e_Name as e_Name,  e.e_Num as e_Num, to_char(wt_StartTime,'yyyy/mm/dd hh24:mi:ss') as wt_StartTime,   to_char(wt_EndTime,'yyyy/mm/dd hh24:mi:ss') as wt_EndTime,  wt_Num 
      from member m, employee e, workingtime  w 
         where  m.m_id = e.m_id and w.e_num = e.e_num 
          and e.m_id = #{m_Id} and e.e_Name like #{employee} order by w.wt_StartTime desc
          ) C where rownum <= #{cri.pageEnd}) B where R >= #{cri.pageStart}
   ]]>
   </select>
   
   <select id ="employeeSearchCount_Name" resultType ="int">
      select count(*) from (
      select e.e_Name as e_Name,  e.e_Num as e_Num, to_char(wt_StartTime,'yyyy/mm/dd/hh24/mi/ss') as wt_StartTime,   to_char(wt_EndTime,'yyyy/mm/dd/hh24/mi/ss') as wt_EndTime,  wt_Num 
      from member m, employee e, workingtime  w 
         where  m.m_id = e.m_id and w.e_num = e.e_num 
          and e.m_id = #{m_Id} and e.e_Name like #{employee} order by w.wt_StartTime desc
          )
   </select>
   
</mapper> 