<?xml version="1.0" encoding="UTF-8"?>
<!DOCTYPE mapper
		PUBLIC "-//mybatis.org//DTD Mapper 3.0//EN"
			"http://mybatis.org/dtd/mybatis-3-mapper.dtd">

<mapper namespace="com.kosta.csm.st_Dao.St_IMemberDAO">
	
	<select id="modify" resultType="String">
		select m_Pwd from member where m_Id=#{m_Id}
	</select>
		
	<select id="check" resultType="String">
		select m_Pwd from member where m_Id=#{m_Id} 
	</select>
	
	<update id="memberModify" parameterType="com.kosta.csm.vo.MemberVO">
		update member set m_Store=#{m_Store}, m_Phone1=#{m_Phone1}, m_Phone2=#{m_Phone2}, m_Email=#{m_Email}, m_Location1=#{m_Location1},m_Location2=#{m_Location2} where m_Id=#{m_Id}
	</update>
	
	<update id="pwdModify" parameterType="com.kosta.csm.vo.MemberVO">
		update member set m_Pwd=#{m_Pwd} where m_Id=#{m_Id}
	</update>
	
	<select id="searchById" parameterType="String"
		resultType="com.kosta.csm.vo.MemberVO">
		select * from member where m_Id = #{m_Id}
	</select>

</mapper>