<?xml version="1.0" encoding="UTF-8"?>
<!DOCTYPE mapper
		PUBLIC "-//mybatis.org//DTD Mapper 3.0//EN"
			"http://mybatis.org/dtd/mybatis-3-mapper.dtd">
			
<mapper namespace="com.kosta.csm.st_Dao.St_IOrderListDAO">
	<select id="list" resultType="com.kosta.csm.vo.OrderList_ProductVO" parameterType="com.kosta.csm.vo.Criteria">
	<![CDATA[
		select B.* from (select C.*, rownum R from (select o.o_Num, p.hp_Code, p.hp_Name, o.o_amount, p.hp_Mprice, p.hp_Cprice, o.o_Date, o.o_State from (select * from ORDER_LIST where o_State = 0 or o_State = 1) o, PRODUCT p where p.hp_Code = o.hp_Code and o.m_Id=#{m_Id} order by o.o_Num desc) C where rownum <= #{cri.pageEnd}) B where R >= #{cri.pageStart}
	]]>
	</select>
	
	<select id="orderListCount" resultType="int">
		select count(*) from (select * from ORDER_LIST where o_State = 0 or o_State = 1) o, PRODUCT p where p.hp_Code = o.hp_Code and o.m_Id=#{m_Id}
	</select>
	
	<select id="stockDetail_list" resultType="com.kosta.csm.vo.ProductVO" parameterType="com.kosta.csm.vo.Criteria">
	<![CDATA[
		select B.* from (select C.*, rownum R from (select p.* from (select * from ORDER_LIST where o_State = 0 or o_State = 1) o, PRODUCT p where p.hp_Code = o.hp_Code and o.m_Id=#{m_Id} order by o.o_Num desc) C where rownum <= #{cri.pageEnd}) B where R >= #{cri.pageStart}
	]]>
	</select>
	
	<delete id="delete">
		delete from order_List where o_Num = #{o_Num}
	</delete>
	
	<select id="stock" resultType="com.kosta.csm.vo.St_Stock_ProductVO" parameterType="com.kosta.csm.vo.Criteria">
	<![CDATA[
		select B.* from (select C.*, rownum R from (select s.m_Id, s.hp_Code, s.st_Amount, p.hp_Name, p.hp_Mprice, p.hp_Cprice from st_stock s, PRODUCT p where s.hp_Code = p.hp_Code and s.m_Id = #{m_Id} order by s.hp_Code desc) C where rownum <= #{cri.pageEnd}) B where R >= #{cri.pageStart}
	]]>
	</select>
	
	<select id="stockCount" resultType="int">
		select count(*) from st_stock s, product p where s.hp_Code = p.hp_Code and s.m_Id = #{m_Id}
	</select>
	
	<select id="orderSearch1stock_Num" resultType="com.kosta.csm.vo.St_Stock_ProductVO">
	<![CDATA[
		select B.* from (select C.*, rownum R from (select s.m_Id, s.hp_Code, s.st_Amount, p.hp_Name, p.hp_Mprice, p.hp_Cprice from st_stock s, PRODUCT p where s.hp_Code = p.hp_Code and s.m_Id = #{m_Id} and p.hp_Code=#{search} order by s.hp_Code desc) C where rownum <= #{cri.pageEnd}) B where R >= #{cri.pageStart}
	]]>
	</select>
	
	<select id="orderSearch1stock_Name" resultType="com.kosta.csm.vo.St_Stock_ProductVO">
	<![CDATA[
		select B.* from (select C.*, rownum R from (select s.m_Id, s.hp_Code, s.st_Amount, p.hp_Name, p.hp_Mprice, p.hp_Cprice from st_stock s, PRODUCT p where s.hp_Code = p.hp_Code and s.m_Id = #{m_Id} and p.hp_Name like #{search} order by s.hp_Code desc) C where rownum <= #{cri.pageEnd}) B where R >= #{cri.pageStart}
	]]>
	</select>
	
	<select id="orderSearch2" resultType="com.kosta.csm.vo.St_Stock_ProductVO" parameterType="com.kosta.csm.vo.Criteria">
	<![CDATA[
		select B.* from (select C.*, rownum R from (select s.m_Id, s.hp_Code, s.st_Amount, p.hp_Name, p.hp_Mprice, p.hp_Cprice from st_stock s, PRODUCT p where s.hp_Code = p.hp_Code and s.m_Id = #{m_Id} and p.hp_Category = #{category} order by s.hp_Code desc) C where rownum <= #{cri.pageEnd}) B where R >= #{cri.pageStart}
	]]>
	</select>
	
	<select id="orderSearch1Count_Name" resultType="int">
		select count(*) from st_stock s, product p where s.hp_Code = p.hp_Code and s.m_Id = #{m_Id} and p.hp_Name like #{search}
	</select>
	
	<select id="orderSearch2Count" resultType="int">
		select count(*) from st_stock s, product p where s.hp_Code = p.hp_Code and s.m_Id = #{m_Id} and p.hp_Category = #{category}
	</select>
	
	<select id="stockDetail_order" resultType="com.kosta.csm.vo.ProductVO" parameterType="com.kosta.csm.vo.Criteria">
	<![CDATA[
		select B.* from (select C.*, rownum R from (select p.* from st_stock s, PRODUCT p where s.hp_Code = p.hp_Code and s.m_Id = #{m_Id} order by s.hp_Code desc) C where rownum <= #{cri.pageEnd}) B where R >= #{cri.pageStart}
	]]>
	</select>
	
	<select id="orderSearch1Detail_Num" resultType="com.kosta.csm.vo.ProductVO" parameterType="com.kosta.csm.vo.Criteria">
	<![CDATA[
		select B.* from (select C.*, rownum R from (select p.* from st_stock s, PRODUCT p where s.hp_Code = p.hp_Code and s.m_Id = #{m_Id} and p.hp_Code=#{search} order by s.hp_Code desc) C where rownum <= #{cri.pageEnd}) B where R >= #{cri.pageStart}
	]]>
	</select>
	<select id="orderSearch1Detail_Name" resultType="com.kosta.csm.vo.ProductVO" parameterType="com.kosta.csm.vo.Criteria">
	<![CDATA[
		select B.* from (select C.*, rownum R from (select p.* from st_stock s, PRODUCT p where s.hp_Code = p.hp_Code and s.m_Id = #{m_Id} and p.hp_Name like #{search} order by s.hp_Code desc) C where rownum <= #{cri.pageEnd}) B where R >= #{cri.pageStart}
	]]>
	</select>
	
	<select id="orderSearch2Detail" resultType="com.kosta.csm.vo.ProductVO" parameterType="com.kosta.csm.vo.Criteria">
	<![CDATA[
		select B.* from (select C.*, rownum R from (select p.* from st_stock s, PRODUCT p where s.hp_Code = p.hp_Code and s.m_Id = #{m_Id} and p.hp_Category = #{category} order by s.hp_Code desc) C where rownum <= #{cri.pageEnd}) B where R >= #{cri.pageStart}
	]]>
	</select>
	
	<insert id="order" parameterType="com.kosta.csm.vo.OrderListVO">
		insert into order_List(o_Num, hp_Code, m_Id, o_amount, o_State) values(order_list_seq_num.nextval, #{hp_Code}, #{m_Id}, #{o_Amount}, 0)
	</insert>
	
	<update id="updateStringDate">
		update order_List set o_StringDate=#{o_StringDate} where hp_Code=#{hp_Code}
	</update>
	
	
	<select id="orderCompleteListCount" resultType="int">
		select count(*) from order_List where m_Id=#{m_Id} and o_State=2
	</select>
	
	<select id="completeList" resultType="com.kosta.csm.vo.OrderList_ProductVO" parameterType="com.kosta.csm.vo.Criteria">
	<![CDATA[
		select B.* from (select C.*, rownum R from (select o.o_Num, p.hp_Code, p.hp_Name, o.o_amount, p.hp_Mprice, p.hp_Cprice, TO_CHAR(o_Date, 'YYYY-MM-DD HH:mi') as o_StringDate from order_List o, PRODUCT p where p.hp_Code = o.hp_Code and o.o_State = 2 and o.m_Id=#{m_Id} order by o.o_Num desc) C where rownum <= #{cri.pageEnd}) B where R >= #{cri.pageStart}
	]]>
	</select>
	
	<select id="stockDetail_complete" resultType="com.kosta.csm.vo.ProductVO" parameterType="com.kosta.csm.vo.Criteria">
	<![CDATA[
		select B.* from (select C.*, rownum R from (select p.* from order_List o, PRODUCT p where p.hp_Code = o.hp_Code and o.o_State = 2 and o.m_Id=#{m_Id} order by o.o_Num desc) C where rownum <= #{cri.pageEnd}) B where R >= #{cri.pageStart}
	]]>
	</select>
	
	<select id="stateFilter" resultType="int">
		select count(*) from product where hp_Code = #{hp_Code} and hp_state = 0
	</select>
</mapper>