<?xml version="1.0" encoding="UTF-8"?>
<!DOCTYPE mapper
		PUBLIC "-//mybatis.org//DTD Mapper 3.0//EN"
			"http://mybatis.org/dtd/mybatis-3-mapper.dtd">
<mapper namespace="com.kosta.csm.st_Dao.St_ISt_Stock_ProductDAO">
	<select id="countList" resultType="Integer">
		select count(*) from st_stock s join product p
		on s.hp_Code = p.hp_Code where s.m_Id = #{m_Id}
	</select>

	<select id="list" resultType="com.kosta.csm.vo.St_Stock_ProductVO">
		<![CDATA[
		select B.* from (select C.*, rownum R from (select s.m_id, s.hp_Code, s.st_Amount, p.hp_Name, p.hp_Path, p.hp_Mprice, p.hp_Cprice from st_stock s join product p on s.hp_Code = p.hp_Code where s.m_id = #{m_Id} order by p.hp_Code desc) C where rownum <= #{cri.pageEnd}) B where R >= #{cri.pageStart}
		]]>
	</select>
	
	<select id="stockListDetail" resultType="com.kosta.csm.vo.ProductVO">
		<![CDATA[
		select B.* from (select C.*, rownum R from (select p.* from st_stock s join product p on s.hp_Code = p.hp_Code where s.m_id = #{m_Id} order by p.hp_Code desc) C where rownum <= #{cri.pageEnd}) B where R >= #{cri.pageStart}
		]]>
	</select>
	
	<delete id="deleteProduct" parameterType="String">
		delete st_stock where hp_Code = #{hp_Code}
	</delete>
	
	<select id="productList" resultType="com.kosta.csm.vo.ProductVO">
		<![CDATA[
		select B.* from (select C.*, rownum R from (select * from product where hp_state = 1 order by hp_Code desc) C where rownum <= #{pageEnd}) B where R >= #{pageStart}
		]]>
	</select>
	
	<select id="productListCount" resultType="int">
		select count(*) from product where hp_state = 1
	</select>
	
	<select id="productFilter" resultType="int">
		select count(*) from product p, st_stock s where p.hp_Code = s.hp_Code and s.m_Id = #{m_Id} and p.hp_Code=#{hp_Code}
	</select>
	
	<insert id="insertStStock">
		insert into st_stock values(#{m_Id}, #{hp_Code}, 0)
	</insert>
	
	
	
	<select id="productRegSearch_hp_Code" resultType="com.kosta.csm.vo.ProductVO">
		<![CDATA[
		select B.* from (select C.*, rownum R from (select * from product where hp_Code = #{productSearch} and hp_State = 1 order by hp_Code desc) C where rownum <= #{cri.pageEnd}) B where R >= #{cri.pageStart}
		]]>
	</select>
	
	<select id="productRegSearch_hp_Name" resultType="com.kosta.csm.vo.ProductVO">
		<![CDATA[
		select B.* from (select C.*, rownum R from (select * from product where hp_Name like #{productSearch} and hp_State = 1 order by hp_Code desc) C where rownum <= #{cri.pageEnd}) B where R >= #{cri.pageStart}
		]]>
	</select>
	
	<select id="productRegSearchCount_hp_Name" resultType="int">
		select count(*) from product where hp_Name like #{productSearch} and hp_State = 1
	</select>
	
	<select id="search_CategoryCount" resultType="int">
		select count(*) from product where hp_Category = #{category} and hp_State = 1
	</select>

	<select id="search_Category" resultType="com.kosta.csm.vo.ProductVO">
		<![CDATA[
		select B.* from (select C.*, rownum R from (select * from product where hp_Category = #{category} and hp_State = 1 order by hp_Code desc) C where rownum <= #{cri.pageEnd}) B where R >= #{cri.pageStart}
		]]>
	</select>
	
	
	
	<select id="productStockSearch_hp_Code" resultType="com.kosta.csm.vo.St_Stock_ProductVO">
		<![CDATA[
		select B.* from (select C.*, rownum R from (select s.m_id, s.hp_Code, s.st_Amount, p.hp_Name, p.hp_Path, p.hp_Mprice, p.hp_Cprice from st_stock s join product p on s.hp_Code = p.hp_Code where s.m_id = #{m_Id} and p.hp_Code = #{productSearch} order by p.hp_Code desc) C where rownum <= #{cri.pageEnd}) B where R >= #{cri.pageStart}
		]]>
	</select>
	
	<select id="productStockSearch_hp_Name" resultType="com.kosta.csm.vo.St_Stock_ProductVO">
		<![CDATA[
		select B.* from (select C.*, rownum R from (select s.m_id, s.hp_Code, s.st_Amount, p.hp_Name, p.hp_Path, p.hp_Mprice, p.hp_Cprice from st_stock s join product p on s.hp_Code = p.hp_Code where s.m_id = #{m_Id} and p.hp_Name like #{productSearch} order by p.hp_Code desc) C where rownum <= #{cri.pageEnd}) B where R >= #{cri.pageStart}
		]]>
	</select>
	
	<select id="productStockSearchCount_hp_Name" resultType="int">
		select count(*) from st_stock s join product p on s.hp_Code = p.hp_Code where s.m_id = #{m_Id} and p.hp_Name like #{productSearch}
	</select>
	
	<select id="search_StockCategory" resultType="com.kosta.csm.vo.St_Stock_ProductVO">
		<![CDATA[
		select B.* from (select C.*, rownum R from (select s.m_id, s.hp_Code, s.st_Amount, p.hp_Name, p.hp_Path, p.hp_Mprice, p.hp_Cprice from st_stock s join product p on s.hp_Code = p.hp_Code where s.m_id = #{m_Id} and p.hp_Category = #{category} order by p.hp_Code desc) C where rownum <= #{cri.pageEnd}) B where R >= #{cri.pageStart}
		]]>
	</select>
	
	<select id="search_StockCategoryCount" resultType="int">
		select count(*) from st_stock s join product p on s.hp_Code = p.hp_Code where s.m_id = #{m_Id} and p.hp_Category = #{category}
	</select>
	
	<select id="productStockSearch_hp_Code_Detail" resultType="com.kosta.csm.vo.ProductVO">
		<![CDATA[
		select B.* from (select C.*, rownum R from (select p.* from st_stock s join product p on s.hp_Code = p.hp_Code where s.m_id = #{m_Id} and p.hp_Code = #{productSearch} order by p.hp_Code desc) C where rownum <= #{cri.pageEnd}) B where R >= #{cri.pageStart}
		]]>
	</select>
	
	<select id="productStockSearch_hp_Name_Detail" resultType="com.kosta.csm.vo.ProductVO">
		<![CDATA[
		select B.* from (select C.*, rownum R from (select p.* from st_stock s join product p on s.hp_Code = p.hp_Code where s.m_id = #{m_Id} and p.hp_Name like #{productSearch} order by p.hp_Code desc) C where rownum <= #{cri.pageEnd}) B where R >= #{cri.pageStart}
		]]>
	</select>
	
	<select id="search_StockCategory_Detail" resultType="com.kosta.csm.vo.ProductVO">
		<![CDATA[
		select B.* from (select C.*, rownum R from (select p.* from st_stock s join product p on s.hp_Code = p.hp_Code where s.m_id = #{m_Id} and p.hp_Category = #{category} order by p.hp_Code desc) C where rownum <= #{cri.pageEnd}) B where R >= #{cri.pageStart}
		]]>
	</select>
	
</mapper>