<?xml version="1.0" encoding="UTF-8"?>
<!DOCTYPE mapper
		PUBLIC "-//mybatis.org//DTD Mapper 3.0//EN"
			"http://mybatis.org/dtd/mybatis-3-mapper.dtd">

<mapper namespace="com.kosta.csm.st_Dao.St_IStoreIncomeDAO">

	<select id="getSameDateSale" resultType="com.kosta.csm.vo.StoreincomeVO"
		parameterType="com.kosta.csm.vo.StoreincomeVO">
		select m_Id, si_Date, si_Sale, si_Expend
		from storeincome
		where m_id = #{m_Id} and si_Date = #{si_Date}
	</select>
	<insert id="insertNewProduct">
		insert into storeincome
		values(#{m_Id},#{si_Date},#{si_Sale},#{si_Expend})
	</insert>
	<update id="updatePresentProduct">
		update storeincome set  si_Sale = #{si_Sale}, si_Expend = #{si_Expend} 
		 where m_Id = #{m_Id} and si_Date = #{si_Date}
	</update>
	
	<select id ="revenuePerDay" resultType="com.kosta.csm.vo.StoreincomeVO"> 
	<![CDATA[
		select B.* from (select C.*, rownum R from (
		select si_Date,si_Sale,si_Expend
		 from storeincome 
		 where m_id = #{m_Id} order by si_Date desc
		 ) C where rownum <= #{cri.pageEnd}) B where R >= #{cri.pageStart}
	]]>
	</select>
	
	<select id="revenuePerDayCount" resultType="int">
	select count(*)
		 from storeincome 
		 where m_id = #{m_Id} order by si_Date desc
	</select>
	
	<select id ="revenuePerMonth" resultType="com.kosta.csm.vo.StoreincomeVO"> 
	<![CDATA[
		select B.* from (select C.*, rownum R from (
		select si_Date, sum(si_Sale) as si_Sale, sum(si_Expend) as si_Expend 
		from(select substr(si_Date,1,7) as si_Date, si_Sale, si_Expend 
		from storeincome where m_id =#{m_Id} )group by si_Date order by si_Date desc
		) C where rownum <= #{cri.pageEnd}) B where R >= #{cri.pageStart}
	]]>
	</select>
	
	<select id="revenuePerMonthCount" resultType="int">
		<![CDATA[
		select count(*) from (
		select si_Date, sum(si_Sale) as si_Sale, sum(si_Expend) as si_Expend 
		from(select substr(si_Date,1,7) as si_Date, si_Sale, si_Expend 
		from storeincome where m_id =#{m_Id} )group by si_Date order by si_Date desc
		)
	]]>
	</select>
	
	<select id ="revenueBetweenDay" resultType="com.kosta.csm.vo.StoreincomeVO">
	<![CDATA[
		select B.* from (select C.*, rownum R from (
	 	select si_Date,si_Sale,si_Expend from storeincome 
	 	where m_id = #{m_Id} and (si_Date between #{first} and #{last}) 
	 	order by si_Date desc
	 	) C where rownum <= #{cri.pageEnd}) B where R >= #{cri.pageStart}
	]]>
	</select>
	
	<select id="revenueBetweenDayCount" resultType="int">
		select count(*) from storeincome 
	 	where m_id = #{m_Id} and (si_Date between #{first} and #{last}) 
	 	order by si_Date desc
	</select>
</mapper>