<?xml version="1.0" encoding="UTF-8"?>
<!DOCTYPE mapper
		PUBLIC "-//mybatis.org//DTD Mapper 3.0//EN"
			"http://mybatis.org/dtd/mybatis-3-mapper.dtd">
			
<mapper namespace="com.kosta.csm.st_Dao.St_ISalesStatusDAO">

	<select id="categoryStatus" resultType="com.kosta.csm.vo.CategoryStatusVO">
		select p.hp_Category, sum(s.s_Amount) as totalAmount
		from sale s, product p
		where s.hp_Code = p.hp_Code and s.m_Id = #{user_id} and TO_CHAR(s.s_date,'YYYY-MM') like TO_CHAR(ADD_MONTHS(sysdate,-1),'YYYY-MM') group by p.hp_Category
	</select>
	
	<select id="categoryStatusRank" resultType="com.kosta.csm.vo.CategoryStatusVO">
		<![CDATA[
		select a.*, b.hp_Name from (select s.hp_Code, sum(s.s_amount) as totalAmount
		from sale s, product p
		where s.hp_Code = p.hp_Code and s.m_Id = #{user_id} and TO_CHAR(s.s_date,'YYYY-MM') like TO_CHAR(ADD_MONTHS(sysdate,-1),'YYYY-MM') and p.hp_Category = #{category}
		group by s.hp_Code order by sum(s.s_amount) desc) a, product b 
		where a.hp_Code = b.hp_Code and rownum <= 3
		]]>
	</select>
	
	<select id="categoryStatusDay" resultType="com.kosta.csm.vo.CategoryStatusVO">
		select p.hp_Category, sum(s.s_Amount) as totalAmount
		from sale s, product p
		where s.hp_Code = p.hp_Code and s.m_Id = #{user_id} and TO_CHAR(s.s_date,'YYYY-MM') like #{day} group by p.hp_Category
	</select>
	
	<select id="categoryStatusRankDay" resultType="com.kosta.csm.vo.CategoryStatusVO">
		<![CDATA[
		select a.*, b.hp_Name from (select s.hp_Code, sum(s.s_amount) as totalAmount
		from sale s, product p
		where s.hp_Code = p.hp_Code and s.m_Id = #{user_id} and TO_CHAR(s.s_date,'YYYY-MM') like #{day} and p.hp_Category = #{category}
		group by s.hp_Code order by sum(s.s_amount) desc) a, product b 
		where a.hp_Code = b.hp_Code and rownum <= 3
		]]>
	</select>
	
	<select id="salesStatusAll" resultType="com.kosta.csm.vo.ProductVO">
		<![CDATA[
			select B.* from (select C.*, rownum R from(
			select b2.*, a.s_Amount from (select s.hp_Code, sum(s.s_amount) as s_Amount
			from sale s, product p
			where s.hp_Code = p.hp_Code and s.m_Id = #{user_id} and TO_CHAR(s.s_date,'YYYY-MM') like TO_CHAR(ADD_MONTHS(sysdate,-1),'YYYY-MM')
			group by s.hp_Code) a, product b2 
			where a.hp_Code = b2.hp_Code order by s_Amount desc
			) C where rownum <= #{cri.pageEnd}) B where R >= #{cri.pageStart}
		]]>
	</select>
	
	<select id="salesStatusAllCount" resultType="int">
		select count(*) from (select s.hp_Code, sum(s.s_amount) as s_Amount
			from sale s, product p
			where s.hp_Code = p.hp_Code and s.m_Id = #{user_id} and TO_CHAR(s.s_date,'YYYY-MM') like TO_CHAR(ADD_MONTHS(sysdate,-1),'YYYY-MM')
			group by s.hp_Code order by sum(s.s_amount) desc) a, product b2 
			where a.hp_Code = b2.hp_Code
	</select>
	
	<select id="salesStatusAllDay" resultType="com.kosta.csm.vo.ProductVO">
		<![CDATA[
			select B.* from (select C.*, rownum R from(
			select b2.*, a.s_Amount from (select s.hp_Code, sum(s.s_amount) as s_Amount
			from sale s, product p
			where s.hp_Code = p.hp_Code and s.m_Id = #{user_id} and TO_CHAR(s.s_date,'YYYY-MM') like #{day}
			group by s.hp_Code) a, product b2 
			where a.hp_Code = b2.hp_Code order by a.s_Amount desc
			) C where rownum <= #{cri.pageEnd}) B where R >= #{cri.pageStart}
		]]>
	</select>
	
	<select id="salesStatusAllDayCount" resultType="int">
			select count(*) from (select s.hp_Code, sum(s.s_amount) as s_Amount
			from sale s, product p
			where s.hp_Code = p.hp_Code and s.m_Id = #{user_id} and TO_CHAR(s.s_date,'YYYY-MM') like #{day}
			group by s.hp_Code order by sum(s.s_amount) desc) a, product b2 
			where a.hp_Code = b2.hp_Code
	</select>
	
	<select id="salesStatusAllCate" resultType="com.kosta.csm.vo.ProductVO">
		<![CDATA[
			select B.* from (select C.*, rownum R from(
			select b2.*, a.s_Amount from (select s.hp_Code, sum(s.s_amount) as s_Amount
			from sale s, product p
			where s.hp_Code = p.hp_Code and s.m_Id = #{user_id} and TO_CHAR(s.s_date,'YYYY-MM') like TO_CHAR(ADD_MONTHS(sysdate,-1),'YYYY-MM') and p.hp_Category=#{category}
			group by s.hp_Code) a, product b2 
			where a.hp_Code = b2.hp_Code order by a.s_Amount desc
			) C where rownum <= #{cri.pageEnd}) B where R >= #{cri.pageStart}
		]]>
	</select>
	
	<select id="salesStatusAllCountCate" resultType="int">
		select count(*) from (select s.hp_Code, sum(s.s_amount) as s_Amount
			from sale s, product p
			where s.hp_Code = p.hp_Code and s.m_Id = #{user_id} and TO_CHAR(s.s_date,'YYYY-MM') like TO_CHAR(ADD_MONTHS(sysdate,-1),'YYYY-MM') and p.hp_Category=#{category}
			group by s.hp_Code order by sum(s.s_amount) desc) a, product b2 
			where a.hp_Code = b2.hp_Code
	</select>
	
	<select id="salesStatusAllDayCate" resultType="com.kosta.csm.vo.ProductVO">
		<![CDATA[
			select B.* from (select C.*, rownum R from(
			select b2.*, a.s_Amount from (select s.hp_Code, sum(s.s_amount) as s_Amount
			from sale s, product p
			where s.hp_Code = p.hp_Code and s.m_Id = #{user_id} and TO_CHAR(s.s_date,'YYYY-MM') like #{day} and p.hp_Category=#{category}
			group by s.hp_Code) a, product b2 
			where a.hp_Code = b2.hp_Code order by a.s_Amount desc
			) C where rownum <= #{cri.pageEnd}) B where R >= #{cri.pageStart}
		]]>
	</select>
	
	<select id="salesStatusAllDayCountCate" resultType="int">
			select count(*) from (select s.hp_Code, sum(s.s_amount) as s_Amount
			from sale s, product p
			where s.hp_Code = p.hp_Code and s.m_Id = #{user_id} and TO_CHAR(s.s_date,'YYYY-MM') like #{day} and p.hp_Category=#{category}
			group by s.hp_Code order by sum(s.s_amount) desc) a, product b2 
			where a.hp_Code = b2.hp_Code
	</select>
	
	<select id="monthStatus" resultType="int">
		select nvl(sum(si_Sale),0) from storeincome where m_Id = #{user_id} and si_Date like #{date}
	</select>
	
	<select id="yearStatus" resultType="int">
		select nvl(sum(si_Sale),0) from storeincome where m_Id = #{user_id} and si_Date like #{date}
	</select>
</mapper>