<?xml version="1.0" encoding="UTF-8"?>
<!DOCTYPE mapper
		PUBLIC "-//mybatis.org//DTD Mapper 3.0//EN"
			"http://mybatis.org/dtd/mybatis-3-mapper.dtd">

<mapper namespace="com.kosta.csm.st_Dao.St_ISaleDAO">	
	<select id="getMaxGroupNum" resultType="Integer">
		select case when Max(s_Group) is null then 0 else Max(s_Group) end from sale where m_Id = #{m_Id}
	</select>
	
	<insert id="insert">
		insert  into sale(s_Num, m_Id, hp_Code, s_Group,  s_Amount)
		values (sale_seq_num.NEXTVAL , #{m_Id}, #{hp_Code}, #{s_Group}, #{s_Amount})
	</insert>
	
	<select id="saleDetail"  parameterType="map"  resultType="com.kosta.csm.vo.SaleAboutPrice">
	<![CDATA[
		select s_Group ,to_char(s_date,'yyyy/mm/dd  hh24:mi:ss') as s_Date,
		s.hp_Code as hp_Code, hp_Name, s_Amount, hp_Cprice*s_Amount as hp_Cprice from sale s, PRODUCT p
		where s.hp_Code = p.hp_Code and s_Group = #{s_Group} order by s_Num desc
		]]>
	</select>
	
	<select id="saleListBetweenDay" parameterType="map" resultType="com.kosta.csm.vo.SaleAboutPrice">
		select s_Group, to_char(max(s_date),'yyyy/mm/dd  hh24:mi:ss') as s_Date, sum(s.hp_Cprice) as hp_Cprice 
		from 
		(
			select hp_Code, s_Group, s_date, 
			s_amount*(select hp_Cprice from product p where ss.hp_Code = p.hp_Code ) as hp_Cprice
			from sale ss  where m_id = #{m_Id}
			and (to_char(s_date, 'yyyymmdd') between  #{first} and  #{last})
		) s, PRODUCT p 
		where s.hp_Code = p.hp_Code  
		group by s_group  
		order by s_group desc
	</select>
	<select id="saleList" resultType="com.kosta.csm.vo.SaleAboutPrice">
		<![CDATA[
		select s_Group, to_char(max(s_date),'yyyy/mm/dd  hh24:mi:ss') as s_Date, sum(s.hp_Cprice) as hp_Cprice 
		from 
		(
			select hp_Code, s_Group, s_date, s_amount*
			(select hp_Cprice 
			from product p 
			where ss.hp_Code = p.hp_Code 
			) as hp_Cprice
			from sale ss  
			where m_id = #{m_Id}
		) s, PRODUCT p 
		where s.hp_Code = p.hp_Code  
		group by s_group  
		order by s_group desc
		]]>
	</select>
	
</mapper>