<?xml version="1.0" encoding="UTF-8"?>
<!DOCTYPE mapper
		PUBLIC "-//mybatis.org//DTD Mapper 3.0//EN"
			"http://mybatis.org/dtd/mybatis-3-mapper.dtd">

<mapper namespace="com.kosta.csm.st_Dao.St_IStoreExpendDAO">
	<select id ="addExpend" >
		insert into storeExpend values(storeExpend_seq_num.NEXTVAL, #{m_Id},#{se_Date}, #{se_Expend}, #{se_Content}) 
	</select>
	<select id="getAExpend" parameterType="Integer">
		select * from storeExpend where se_Num = #{se_Num} 
	</select>
	<select id ="getStoreExpend" resultType="com.kosta.csm.vo.StoreExpendVO">
	<![CDATA[
		select B.* from (select C.*, rownum R from (
		select * from storeExpend where m_Id = #{m_Id} 
		) C where rownum <= #{cri.pageEnd}) B where R >= #{cri.pageStart}
	]]>
	</select>
	
	<select id="getStoreExpendCount" resultType="int">
		select count(*) from storeExpend where m_Id = #{m_Id} 
	</select>
	
	<select id ="removeExpend" parameterType="Integer">
		delete storeExpend where se_num = #{se_Num} 
	</select>
	<select id ="expendBetweenDay" resultType="com.kosta.csm.vo.StoreExpendVO">
	 	select * from storeExpend 
	 	where m_id = #{m_Id} and (se_Date between #{first} and #{last}) 
	 	order by se_Date desc
	</select>
	   
</mapper>