<?xml version="1.0" encoding="UTF-8"?>
<!DOCTYPE mapper
		PUBLIC "-//mybatis.org//DTD Mapper 3.0//EN"
			"http://mybatis.org/dtd/mybatis-3-mapper.dtd">
			
<mapper namespace="com.kosta.csm.st_Dao.St_ITimeLineDAO">

	<select id="parentList" resultType="com.kosta.csm.vo.TimeLineVO">
		<![CDATA[
		select B.* from 
		(select C.*, rownum R from 
		(select * from (select * from timeLine where t_Reply=0) order by t_Num desc) 
		C where rownum <= #{pageEnd}) B where R >= #{pageStart}
		]]>
	</select>
	
	<select id="childList" resultType="com.kosta.csm.vo.TimeLineVO">
		select * from (select * from timeLine where t_Reply=1) order by t_Num asc
	</select>
	
	<insert id="writeReply">
		insert into timeLine (t_Num, m_Id, t_Content, t_Group, t_Reply) values 
		 (timeLine_seq_Num.nextval, #{m_Id}, #{t_Content}, #{t_Group}, 1)
	</insert>
	
	<insert id="writeTimeLine">
		insert into timeLine (t_Num, m_Id, t_Content, t_Group, t_Reply) values 
		 (timeLine_seq_Num.nextval, #{m_Id}, #{t_Content}, (select max(t_Group) from timeLine) +1, 0)
	</insert>
	
	<insert id="firstWriteTimeLine">
		insert into timeLine (t_Num, m_Id, t_Content, t_Group, t_Reply) values 
		 (timeLine_seq_Num.nextval, #{m_Id}, #{t_Content}, 0, 0)
	</insert>
	
	<update id="modifyTimeLine">
		update timeLine set t_Content=#{t_Content}, t_Date=sysdate where t_Num=#{t_Num}
	</update>
	
	<delete id="deleteTimeLine">
		delete from timeLine where t_Num=#{t_Num}
	</delete>
	
	<select id="timeLineCount" resultType="int">
		select count(*) from timeLine where t_reply=0
	</select>
	
</mapper>