<?xml version="1.0" encoding="UTF-8"?>
<!DOCTYPE mapper
		PUBLIC "-//mybatis.org//DTD Mapper 3.0//EN"
			"http://mybatis.org/dtd/mybatis-3-mapper.dtd">
<mapper namespace="com.kosta.csm.st_Dao.St_IWorkingTimeDAO">
	<insert id="enrollStartTime">
		insert into workingTime values(workingTime_seq_num.NEXTVAL, #{e_Num}, sysdate, sysdate)
	</insert>
 	<update id="enrollLastTime">
	 	update 
		(
			select wt_EndTime
			from workingTime
			where e_Num = #{e_Num} 
			and wt_StartTime = (select max(wt_StartTime) from workingtime where e_Num = #{e_Num} )
		) set wt_EndTime = sysdate 
	</update>
	<select id="checkWorkingEmployee" resultType = "com.kosta.csm.vo.StWorkingEmployee"> 
		 select max(wt_StartTime) as wt_StartTime, max(wt_EndTime)  as wt_EndTime
 		 from workingtime  w, employee e, member m
 		 where w.e_Num = #{e_Num}  and e.e_Num = w.e_Num and m.m_id = e.m_Id and m.m_id = #{m_Id} having max(wt_StartTime) = max(wt_EndTime) 
	</select>
	<select id="checkFirstWorkingEmployee" resultType = "Integer">
 		
 		 select count(*) as count
 		 from workingtime w, employee e, member m  
 		  where e.e_Num = #{e_Num} and w.e_num = e.e_num and m.m_id = e.m_id and e.m_id = #{m_Id}
	</select>
	<select id="checkWorkedEmployee" resultType = "com.kosta.csm.vo.StWorkingEmployee">
			 select max(wt_StartTime) as wt_StartTime, max(wt_EndTime)  as wt_EndTime
	 		 from workingtime  w, employee e , member m 
	 		  where w.e_Num = #{e_Num}   and e.e_Num = w.e_Num and m.m_id = e.m_id and e.m_id = #{m_Id} having max(wt_StartTime) != max(wt_EndTime)
	</select>
	
 		
	
</mapper>


