<?xml version="1.0" encoding="UTF-8"?>
<!DOCTYPE mapper PUBLIC "-//mybatis.org//DTD Mapper 3.0//EN" 
		"http://mybatis.org/dtd/mybatis-3-mapper.dtd">

<mapper namespace="edu.kosta.model.dto.ur.sell_manage.Sell_ManageDAO">
	<select id="getSell_manage_day_list" resultType="edu.kosta.model.dto.ur.sell_manage.Sell_ManageDTO">
		SELECT TO_CHAR(O.O_TIME, 'YYYY-MM-DD')
		DAY,I.ITEM_NUM,I.ITEM_NAME,I.ITEM_GENDER,I.ITEM_TYPE,ITEM_TYPE_DETAIL,O.O_SELL_PRICE
		SELL_PRICE,SUM(O.O_AMOUNT) AMOUNT,SUM(O.O_AMOUNT)*O.O_SELL_PRICE TOTAL
		FROM ITEM I, ORDERSITEM O
		WHERE I.ITEM_NAME = O.O_ITEM_NAME AND
		(TO_CHAR(O_TIME,'YYYY-MM-DD') = TO_CHAR(SYSDATE, 'YYYY-MM-DD'))
		GROUP
		BY TO_CHAR(O.O_TIME,
		'YYYY-MM-DD'),I.ITEM_NUM,I.ITEM_NAME,O.O_SELL_PRICE,O_ITEM_NAME,I.ITEM_GENDER,I.ITEM_TYPE,ITEM_TYPE_DETAIL,O_SELL_PRICE
		ORDER BY TO_CHAR(O.O_TIME, 'YYYY-MM-DD')
	</select>

	<select id="getSell_manage_month_list" parameterType="String"
		resultType="edu.kosta.model.dto.ur.sell_manage.Sell_ManageDTO">
		SELECT TO_CHAR(O.O_TIME, 'YYYY-MM-DD')
		DAY,I.ITEM_NUM,I.ITEM_NAME,I.ITEM_GENDER,I.ITEM_TYPE,ITEM_TYPE_DETAIL,O.O_SELL_PRICE
		SELL_PRICE,SUM(O.O_AMOUNT) AMOUNT,SUM(O.O_AMOUNT)*O.O_SELL_PRICE TOTAL
		FROM ITEM I, ORDERSITEM O
		WHERE I.ITEM_NAME = O.O_ITEM_NAME AND
		(TO_CHAR(O_TIME,'YYYY-MM') = #{day})
		GROUP BY TO_CHAR(O.O_TIME,
		'YYYY-MM-DD'),I.ITEM_NUM,I.ITEM_NAME,O.O_SELL_PRICE,O_ITEM_NAME,I.ITEM_GENDER,I.ITEM_TYPE,ITEM_TYPE_DETAIL,O_SELL_PRICE
		ORDER BY TO_CHAR(O.O_TIME, 'YYYY-MM-DD')
	</select>

	<select id="getSell_manage_year_list" parameterType="String"
		resultType="edu.kosta.model.dto.ur.sell_manage.Sell_ManageDTO">
		SELECT TO_CHAR(O.O_TIME, 'YYYY-MM-DD')
		DAY,I.ITEM_NUM,I.ITEM_NAME,I.ITEM_GENDER,I.ITEM_TYPE,ITEM_TYPE_DETAIL,O.O_SELL_PRICE
		SELL_PRICE,SUM(O.O_AMOUNT) AMOUNT,SUM(O.O_AMOUNT)*O.O_SELL_PRICE TOTAL
		FROM ITEM I, ORDERSITEM O
		WHERE I.ITEM_NAME = O.O_ITEM_NAME AND
		(TO_CHAR(O_TIME,'YYYY') = #{day})
		GROUP BY TO_CHAR(O.O_TIME,
		'YYYY-MM-DD'),I.ITEM_NUM,I.ITEM_NAME,O.O_SELL_PRICE,O_ITEM_NAME,I.ITEM_GENDER,I.ITEM_TYPE,ITEM_TYPE_DETAIL,O_SELL_PRICE
		ORDER BY TO_CHAR(O.O_TIME, 'YYYY-MM-DD')
	</select>

	<select id="getSell_manage_day_search" parameterType="String"
		resultType="edu.kosta.model.dto.ur.sell_manage.Sell_ManageDTO">
		SELECT TO_CHAR(O.O_TIME, 'YYYY-MM-DD')
		DAY,I.ITEM_NUM,I.ITEM_NAME,I.ITEM_GENDER,I.ITEM_TYPE,ITEM_TYPE_DETAIL,O.O_SELL_PRICE
		SELL_PRICE,SUM(O.O_AMOUNT) AMOUNT,SUM(O.O_AMOUNT)*O.O_SELL_PRICE TOTAL
		FROM ITEM I, ORDERSITEM O
		WHERE I.ITEM_NAME = O.O_ITEM_NAME AND
		(TO_CHAR(O_TIME,'YYYY-MM-DD') = #{day})
		GROUP BY TO_CHAR(O.O_TIME,
		'YYYY-MM-DD'),I.ITEM_NUM,I.ITEM_NAME,O.O_SELL_PRICE,O_ITEM_NAME,I.ITEM_GENDER,I.ITEM_TYPE,ITEM_TYPE_DETAIL,O_SELL_PRICE
		ORDER BY TO_CHAR(O.O_TIME, 'YYYY-MM-DD')
	</select>


	<select id="getSell_deliver_today_count" resultType="Integer">
		<![CDATA[SELECT COUNT(O_LAST_PRICE) COU FROM ORDERS WHERE O_LAST_PRICE >= 50000 AND (TO_CHAR(O_TIME,'YYYY-MM-DD') = TO_CHAR(SYSDATE, 'YYYY-MM-DD'))]]>
	</select>

	<select id="getSell_deliver_daySearch_count" parameterType="String"
		resultType="Integer">
		<![CDATA[SELECT COUNT(O_LAST_PRICE) COU FROM ORDERS WHERE O_LAST_PRICE >= 50000 AND (TO_CHAR(O_TIME,'YYYY-MM-DD') = #{day})]]>

	</select>

	<select id="getSell_deliver_month_count" parameterType="String"
		resultType="Integer">
		<![CDATA[SELECT COUNT(O_LAST_PRICE) COU FROM ORDERS WHERE O_LAST_PRICE >= 50000 AND (TO_CHAR(O_TIME,'YYYY-MM') = #{day})]]>

	</select>

	<select id="getSell_deliver_year_count" parameterType="String"
		resultType="Integer">
		<![CDATA[SELECT COUNT(O_LAST_PRICE) COU FROM ORDERS WHERE O_LAST_PRICE >= 50000 AND (TO_CHAR(O_TIME,'YYYY') = #{day})]]>
	</select>


	<select id="getBarChart_sell_day_list" parameterType="String"
		resultType="edu.kosta.model.dto.ur.sell_manage.Sell_ManageDTO">
		SELECT
		I.ITEM_NUM,I.ITEM_NAME,SUM(O.O_AMOUNT)*O.O_SELL_PRICE TOTAL
		FROM ITEM I, ORDERSITEM O
		WHERE I.ITEM_NAME = O.O_ITEM_NAME AND
		(TO_CHAR(O_TIME,'YYYY-MM-DD') = TO_CHAR(SYSDATE, 'YYYY-MM-DD'))
		GROUP
		BY I.ITEM_NUM,I.ITEM_NAME,O_SELL_PRICE
	</select>

	<select id="getBarChart_sell_day_search" parameterType="String"
		resultType="edu.kosta.model.dto.ur.sell_manage.Sell_ManageDTO">
		SELECT
		I.ITEM_NUM,I.ITEM_NAME,SUM(O.O_AMOUNT)*O.O_SELL_PRICE TOTAL
		FROM ITEM I, ORDERSITEM O
		WHERE I.ITEM_NAME = O.O_ITEM_NAME AND
		(TO_CHAR(O_TIME,'YYYY-MM-DD') = #{day})
		GROUP BY
		I.ITEM_NUM,I.ITEM_NAME,O_SELL_PRICE
	</select>

	<select id="getBarChart_sell_month_list" parameterType="String"
		resultType="edu.kosta.model.dto.ur.sell_manage.Sell_ManageDTO">
		SELECT
		I.ITEM_NUM,I.ITEM_NAME,SUM(O.O_AMOUNT)*O.O_SELL_PRICE TOTAL
		FROM ITEM I, ORDERSITEM O
		WHERE I.ITEM_NAME = O.O_ITEM_NAME AND
		(TO_CHAR(O_TIME,'YYYY-MM') = #{day})
		GROUP BY
		I.ITEM_NUM,I.ITEM_NAME,O_SELL_PRICE
	</select>

	<select id="getBarChart_sell_year_list" parameterType="String"
		resultType="edu.kosta.model.dto.ur.sell_manage.Sell_ManageDTO">
		SELECT
		I.ITEM_NUM,I.ITEM_NAME,SUM(O.O_AMOUNT)*O.O_SELL_PRICE TOTAL
		FROM ITEM I, ORDERSITEM O
		WHERE I.ITEM_NAME = O.O_ITEM_NAME AND
		(TO_CHAR(O_TIME,'YYYY') = #{day})
		GROUP BY
		I.ITEM_NUM,I.ITEM_NAME,O_SELL_PRICE
	</select>
</mapper>