<?xml version="1.0" encoding="UTF-8"?>
<!DOCTYPE mapper PUBLIC "-//mybatis.org//DTD Mapper 3.0//EN" "http://mybatis.org/dtd/mybatis-3-mapper.dtd">

<mapper namespace="edu.kosta.model.dto.ur.orders.OrdersDAO">
	<select id="getOrdererInfo" resultType="edu.kosta.model.dto.user.UserDTO">
		SELECT * FROM USER_ACCOUNT
		WHERE USER_ID=#{user_id}
	</select>
	<!-- 한개 주문하기 -->
	<insert id="ordersInsert" parameterType="edu.kosta.model.dto.ur.orders.OrdersDTO">
		INSERT INTO ORDERS
		VALUES
		(#{user_id},#{o_item_name},seq_o_seq.NEXTVAL,#{o_num},#{o_name},#{o_phone},#{o_email},#{o_address},#{o_message},SYSDATE,#{o_totals_price},#{o_deli_price},#{o_last_price},0)
	</insert>
	<insert id="ordersItemOneInsert" parameterType="edu.kosta.model.dto.ur.orders.OrdersDTO">
		INSERT INTO
		ORDERSITEM VALUES
		(#{o_num},SYSDATE,#{cart_num},#{item_num},#{o_pic},#{o_item_name},#{o_size},#{o_amount},#{o_sell_price},#{o_total_price})
	</insert>
	<delete id="deleteCart" parameterType="edu.kosta.model.dto.ur.orders.OrdersDTO">
		DELETE FROM CART WHERE
		USER_ID=#{user_id} AND CART_NUM=#{cart_num}
	</delete>


	<delete id="deleteCartPrice" parameterType="edu.kosta.model.dto.ur.orders.OrdersDTO">
		DELETE FROM
		CART_PRICE WHERE USER_ID=#{user_id}
	</delete>

	<!-- 여러개 주문하기 -->
	<insert id="ordersInserts" parameterType="hashMap">
		INSERT INTO ORDERS
		VALUES
		(#{user_id},#{o_item_name},seq_o_seq.NEXTVAL,#{o_num},#{o_name},#{o_phone},#{o_email},#{o_address},#{o_message},SYSDATE,#{o_totals_price},#{o_deli_price},#{o_last_price},0)
	</insert>
	<insert id="ordersItemMultiInsert" parameterType="hashMap">
		INSERT INTO
		ORDERSITEM VALUES
		(#{o_num},SYSDATE,#{cart_num},#{item_num},#{o_pic},#{o_item_name},#{o_size},#{o_amount},#{o_sell_price},#{o_total_price})
	</insert>
	<delete id="deleteCartMulti" parameterType="hashMap">
		DELETE FROM CART
		WHERE USER_ID=#{user_id} AND CART_NUM=#{cart_num}
	</delete>

	<delete id="deleteOrders" parameterType="edu.kosta.model.dto.ur.orders.OrdersDTO">
		DELETE FROM ORDERS WHERE
		user_id=#{user_id}
	</delete>

	<select id="ordersNums" resultType="Integer">
		SELECT o_num FROM ORDERS
	</select>

	<select id="getOrderedList" parameterType="edu.kosta.model.dto.ur.orders.OrdersDTO"
		resultType="edu.kosta.model.dto.ur.orders.OrdersDTO">
		SELECT o_num,o_time,o_order_items,o_last_price,o_state
		FROM
		ORDERS
		WHERE USER_ID=#{user_id}
		ORDER BY o_time DESC
	</select>
	<select id="getOrderedItem" parameterType="edu.kosta.model.dto.ur.orders.OrdersDTO"
		resultType="edu.kosta.model.dto.ur.orders.OrdersDTO">
		SELECT o_item_name FROM ORDERSITEM WHERE O_NUM=#{o_num}
	</select>

	<select id="getReceiver" resultType="edu.kosta.model.dto.ur.orders.OrdersDTO">
		SELECT * FROM ORDERS WHERE
		O_NUM=#{o_num}
	</select>
	<select id="getOrderDetail" resultType="edu.kosta.model.dto.ur.orders.OrdersDTO">
		SELECT * FROM ORDERSITEM
		WHERE O_NUM=#{o_num}
	</select>

	<update id="updateO_state" parameterType="edu.kosta.model.dto.ur.orders.OrdersDTO">
		UPDATE ORDERS SET
		O_STATE=#{o_state}
		WHERE O_NUM=#{o_num}
	</update>

	<delete id="cancelOrder">
		DELETE FROM ORDERS WHERE O_NUM=#{o_num} AND
		USER_ID=#{user_id}
	</delete>

	<select id="getOrderCount" resultType="Integer">
		SELECT COUNT(*) FROM
		ORDERSITEM WHERE O_NUM=#{o_num}
	</select>

	<delete id="cancelOrderItems">
		DELETE FROM ORDERSITEM WHERE O_NUM=#{o_num}
	</delete>
</mapper>